"yC3ZMb href","Vpc5Fe","GSM50","enjdgf","enjdgf 2","KgoSse href","y3Ibjb","OA1nbd"
"https://www.google.com/maps/contrib/116787700041042041986/reviews?hl=es","Alberto Gomez Carmena","Local Guide30 reseñas14 fotos","·","·","https://www.google.com/local/review/rap/report?postId=ChZDSUhNMG9nS0VJQ0FnSUNsNTlTdGRnEAE&entityid=ChZDSUhNMG9nS0VJQ0FnSUNsNTlTdGRnEi4KF0NJSE0wb2dLRUlDQWdJQ2w1OVN0OWdFEhNDZ3dJbWRPWHF3WVF5TjNNcHdJGi0KFkNJSE0wb2dLRUlDQWdJQ2w1OVN0RGcSE0Nnd0ltZE9YcXdZUXlOM01wd0kiEgndS4c0jSlCDRFbKjwbXAEGLSoTQ2d3SW1kT1hxd1lReU4zTXB3SQ&wv=1&d=286732336&gsas=1","Hace 9 meses","Lacoma para mi es un lugar tranquilo para vivir, tiene buenas comunicaciones tanto a nivel de medios de transporte como de ocio en cuanto a restaurantes, farmacias, centro comercial etcLo recomiendo al 100%"
"https://www.google.com/maps/contrib/104462134433216208966/reviews?hl=es","Francisco León","Local Guide292 reseñas1 foto","·","·","https://www.google.com/local/review/rap/report?postId=ChdDSUhNMG9nS0VJQ0FnSURqMjVEZXl3RRAB&entityid=ChdDSUhNMG9nS0VJQ0FnSURqMjVEZXl3RRItChZDSUhNMG9nS0VJQ0FnSURqMjVEZUt3EhNDZ3dJanF2cXNRWVEtTTNJendNGi4KF0NJSE0wb2dLRUlDQWdJRGoyNURlcXdFEhNDZ3dJanF2cXNRWVEtTTNJendNIhIJAAAAAAAAAAARWyo8G1wBBi0qE0Nnd0lqcXZxc1FZUS1NM0l6d00&wv=1&d=286732336&gsas=1","Hace 4 meses","Es una estación moderna y muy limpia. Funcional."
"https://www.google.com/maps/contrib/101936176356321674837/reviews?hl=es","Andrés Florido","Local Guide365 reseñas8 fotos","·","·","https://www.google.com/local/review/rap/report?postId=ChdDSUhNMG9nS0VJQ0FnSURqcllUYTR3RRAB&entityid=ChdDSUhNMG9nS0VJQ0FnSURqcllUYTR3RRIsChZDSUhNMG9nS0VJQ0FnSURqcllUYUV3EhJDZ3NJZzRfaXNRWVF1T0M5S1EaLQoXQ0lITTBvZ0tFSUNBZ0lEanJZVGFrd0USEkNnc0lnNF9pc1FZUXVPQzlLUSISCQAAAAAAAAAAEVsqPBtcAQYtKhJDZ3NJZzRfaXNRWVF1T0M5S1E&wv=1&d=286732336&gsas=1","Hace 4 meses","Limpieza bien y accesos bien"
"https://www.google.com/maps/contrib/103281962387682389560/reviews?hl=es","Holger Rune","1 reseña","","","https://www.google.com/local/review/rap/report?postId=ChdDSUhNMG9nS0VJQ0FnSUMtX19iQi1BRRAB&entityid=ChdDSUhNMG9nS0VJQ0FnSUMtX19iQi1BRRItChZDSUhNMG9nS0VJQ0FnSUMtX19iQkJBEhNDZ3dJb2RuYW13WVF5TnpNdUFFGi4KF0NJSE0wb2dLRUlDQWdJQy1fX2JCaEFFEhNDZ3dJb2RuYW13WVF5TnpNdUFFIhIJAAAAAAAAAAARWyo8G1wBBi0qE0Nnd0lvZG5hbXdZUXlOek11QUU&wv=1&d=286732336&gsas=1","Hace un año","La gente que pone que es una zona  tranquila no saben porque hay gente muy rara y demasiada sustancia ilegal últimamente se ve mucha banda latina así que hay q ir con cuidado por esa zona"
"https://www.google.com/maps/contrib/109811421835824004693/reviews?hl=es","Joel Gonzalez Lopez","Local Guide27 reseñas13 fotos","·","·","https://www.google.com/local/review/rap/report?postId=ChdDSUhNMG9nS0VJQ0FnSUMxem9qV193RRAB&entityid=ChdDSUhNMG9nS0VJQ0FnSUMxem9qV193RRIrChRDSUhNMG9nS0VJQ0FnSUMxem9nMhITQ2d3STBONjhyQVlRa0szemhBRRouChdDSUhNMG9nS0VJQ0FnSUMxem9pMmdBRRITQ2d3STBONjhyQVlRa0szemhBRSISCQAAAAAAAAAAEVsqPBtcAQYtKhNDZ3dJME42OHJBWVFrSzN6aEFF&wv=1&d=286732336&gsas=1","Hace 8 meses","Mi colega dice que hay gente un poco regulera y traviesa, así que no creo que sea un 4'3"
"https://www.google.com/maps/contrib/109464086420314777511/reviews?hl=es","Wileiner Moises Figurelli","Local Guide176 reseñas221 fotos","·","·","https://www.google.com/local/review/rap/report?postId=ChZDSUhNMG9nS0VJQ0FnSURiMnAyYkZBEAE&entityid=ChZDSUhNMG9nS0VJQ0FnSURiMnAyYkZBEi0KF0NJSE0wb2dLRUlDQWdJRGIycDJibEFFEhJDZ3NJOUlhLXRRWVF1TmpiRWcaLAoWQ0lITTBvZ0tFSUNBZ0lEYjJwMmJWQRISQ2dzSTlJYS10UVlRdU5qYkVnIhIJAAAAAAAAAAARWyo8G1wBBi0qEkNnc0k5SWEtdFFZUXVOamJFZw&wv=1&d=286732336&gsas=1","Hace un mes","Todo excelente"
"https://www.google.com/maps/contrib/114925925655052131545/reviews?hl=es","Beatriz Blanco","Local Guide109 reseñas3 fotos","·","·","https://www.google.com/local/review/rap/report?postId=ChdDSUhNMG9nS0VJQ0FnSURIcXBHanpnRRAB&entityid=ChdDSUhNMG9nS0VJQ0FnSURIcXBHanpnRRItChZDSUhNMG9nS0VJQ0FnSURIcXBHakxnEhNDZ3dJdHBtWHR3WVEtTzJWblFFGi4KF0NJSE0wb2dLRUlDQWdJREhxcEdqcmdFEhNDZ3dJdHBtWHR3WVEtTzJWblFFIhIJAAAAAAAAAAARWyo8G1wBBi0qE0Nnd0l0cG1YdHdZUS1PMlZuUUU&wv=1&d=286732336&gsas=1","Hace una semana","Una estación de metro como otra cualquiera"
"https://www.google.com/maps/contrib/107611806493154871344/reviews?hl=es","Court","Local Guide41 reseñas5 fotos","·","·","https://www.google.com/local/review/rap/report?postId=ChZDSUhNMG9nS0VJQ0FnSURwdHNyNkJ3EAE&entityid=ChZDSUhNMG9nS0VJQ0FnSURwdHNyNkJ3Ei0KF0NJSE0wb2dLRUlDQWdJRHB0c3I2aHdFEhJDZ3NJdkt5T3B3WVFnTTdNV3caLAoWQ0lITTBvZ0tFSUNBZ0lEcHRzcjZSdxISQ2dzSXZLeU9wd1lRZ003TVd3IhIJAAAAAAAAAAARWyo8G1wBBi0qEkNnc0l2S3lPcHdZUWdNN01Xdw&wv=1&d=286732336&gsas=1","Hace un año","Estación bastante limpia, la zona no tanto."
"https://www.google.com/maps/contrib/109626806576814311869/reviews?hl=es","Leonardo jose Martinez","Local Guide201 reseñas153 fotos","·","·","https://www.google.com/local/review/rap/report?postId=ChZDSUhNMG9nS0VJQ0FnSUMtanU3ZmN3EAE&entityid=ChZDSUhNMG9nS0VJQ0FnSUMtanU3ZmN3Ei4KF0NJSE0wb2dLRUlDQWdJQy1qdTdmOHdFEhNDZ3dJZ3JPUm13WVEwTXJ3MWdNGi0KFkNJSE0wb2dLRUlDQWdJQy1qdTdmQ3cSE0Nnd0lnck9SbXdZUTBNcncxZ00iEgkAAAAAAAAAABFbKjwbXAEGLSoTQ2d3SWdyT1Jtd1lRME1ydzFnTQ&wv=1&d=286732336&gsas=1","Hace un año","Muy bonito y tranquilo"
"https://www.google.com/maps/contrib/113611877394469233802/reviews?hl=es","Kike García “Kike”","Local Guide28 reseñas207 fotos","·","·","https://www.google.com/local/review/rap/report?postId=ChdDSUhNMG9nS0VJQ0FnSURRcV9EWXZBRRAB&entityid=ChdDSUhNMG9nS0VJQ0FnSURRcV9EWXZBRRItChZDSUhNMG9nS0VJQ0FnSURRcV9EWWZBEhNDZ3dJai0tcHNnVVF3SjNxaEFJGi4KF0NJSE0wb2dLRUlDQWdJRFFxX0RZX0FFEhNDZ3dJai0tcHNnVVF3SjNxaEFJIhIJAAAAAAAAAAARWyo8G1wBBi0qE0Nnd0lqLS1wc2dVUXdKM3FoQUk&wv=1&d=286732336&gsas=1","Hace 8 años","Muy limpia. Gran estación, mejor persona"
"https://www.google.com/maps/contrib/105604141358135497333/reviews?hl=es","Ernesto Nuñez","Local Guide33 reseñas2 fotos","·","·","https://www.google.com/local/review/rap/report?postId=ChZDSUhNMG9nS0VJQ0FnSUNnbDVEZmJ3EAE&entityid=ChZDSUhNMG9nS0VJQ0FnSUNnbDVEZmJ3Ei4KF0NJSE0wb2dLRUlDQWdJQ2dsNURmN3dFEhNDZ3dJZ3NUeTBBVVF3Tkh6bHdJGi0KFkNJSE0wb2dLRUlDQWdJQ2dsNURmSHcSE0Nnd0lnc1R5MEFVUXdOSHpsd0kiEgkAAAAAAAAAABFbKjwbXAEGLSoTQ2d3SWdzVHkwQVVRd05Iemx3SQ&wv=1&d=286732336&gsas=1","Hace 6 años","El elevador suele romperse frecuentemente"
"https://www.google.com/maps/contrib/107915265470524568562/reviews?hl=es","Vivi AA","Local Guide81 reseñas580 fotos","·","·","https://www.google.com/local/review/rap/report?postId=ChdDSUhNMG9nS0VJQ0FnSUNNX1l6MC1RRRAB&entityid=ChdDSUhNMG9nS0VJQ0FnSUNNX1l6MC1RRRIuChdDSUhNMG9nS0VJQ0FnSUNNX1l6TXJ3RRITQ2d3SW5LNlQ3d1VRNktIZXZBRRotChZDSUhNMG9nS0VJQ0FnSUNNX1l6TWJ3EhNDZ3dJbks2VDd3VVE2S0hldkFFIhIJAAAAAAAAAAARWyo8G1wBBi0qE0Nnd0luSzZUN3dVUTZLSGV2QUU&wv=1&d=286732336&gsas=1","Hace 4 años","Una linda mañana de otoño"
"https://www.google.com/maps/contrib/108032157962328570018/reviews?hl=es","Marisol Garcia Molinero","Local Guide36 reseñas14 fotos","·","·","https://www.google.com/local/review/rap/report?postId=ChZDSUhNMG9nS0VJQ0FnSURDb0x5MEtnEAE&entityid=ChZDSUhNMG9nS0VJQ0FnSURDb0x5MEtnEi4KF0NJSE0wb2dLRUlDQWdJRENvTHkwcWdFEhNDZ3dJcGVucC1nVVFvTldvdHdNGi0KFkNJSE0wb2dLRUlDQWdJRENvTHkwYWcSE0Nnd0lwZW5wLWdVUW9OV290d00iEgkAAAAAAAAAABFbKjwbXAEGLSoTQ2d3SXBlbnAtZ1VRb05Xb3R3TQ&wv=1&d=286732336&gsas=1","Hace 4 años","Barrio genial de Madrid"
"https://www.google.com/maps/contrib/105795109280199964324/reviews?hl=es","Jose Maria Jimenez","Local Guide110 reseñas51 fotos","·","·","https://www.google.com/local/review/rap/report?postId=ChdDSUhNMG9nS0VJQ0FnSURLMm9EM3NnRRAB&entityid=ChdDSUhNMG9nS0VJQ0FnSURLMm9EM3NnRRItChZDSUhNMG9nS0VJQ0FnSURLMm9EM2NnEhNDZ3dJOGMzWmhBWVFvSWY2MFFJGi4KF0NJSE0wb2dLRUlDQWdJREsyb0QzaWdFEhNDZ3dJOGMzWmhBWVFvSWY2MFFJIhIJAAAAAAAAAAARWyo8G1wBBi0qE0Nnd0k4YzNaaEFZUW9JZjYwUUk&wv=1&d=286732336&gsas=1","Hace 3 años","Para de metro como cualquier otra"
"https://www.google.com/maps/contrib/109704080721753849196/reviews?hl=es","David Serrano","Local Guide35 reseñas1 foto","·","·","https://www.google.com/local/review/rap/report?postId=ChdDSUhNMG9nS0VJQ0FnSUNndzlDUGdnRRAB&entityid=ChdDSUhNMG9nS0VJQ0FnSUNndzlDUGdnRRItChZDSUhNMG9nS0VJQ0FnSUNndzlDUFFnEhNDZ3dJMEtXc3NnVVF3TnpKaFFNGi4KF0NJSE0wb2dLRUlDQWdJQ2d3OUNQd2dFEhNDZ3dJMEtXc3NnVVF3TnpKaFFNIhIJAAAAAAAAAAARWyo8G1wBBi0qE0Nnd0kwS1dzc2dVUXdOekpoUU0&wv=1&d=286732336&gsas=1","Hace 8 años","Accesible y nueva."
"https://www.google.com/maps/contrib/115969580285688370394/reviews?hl=es","Jorge Perez","Local Guide34 reseñas2 fotos","·","·","https://www.google.com/local/review/rap/report?postId=ChZDSUhNMG9nS0VJQ0FnSUR5eTktMldBEAE&entityid=ChZDSUhNMG9nS0VJQ0FnSUR5eTktMldBEi4KF0NJSE0wb2dLRUlDQWdJRHl5OS0yMkFFEhNDZ3dJam9qSmdnWVEyTi1aLXdFGi0KFkNJSE0wb2dLRUlDQWdJRHl5OS0yT0ESE0Nnd0lqb2pKZ2dZUTJOLVotd0UiEgkAAAAAAAAAABFbKjwbXAEGLSoTQ2d3SWpvakpnZ1lRMk4tWi13RQ&wv=1&d=286732336&gsas=1","Hace 3 años","Gente de bien"
"https://www.google.com/maps/contrib/102381142475847153896/reviews?hl=es","Emilio Salinas10","6 reseñas","","","https://www.google.com/local/review/rap/report?postId=ChZDSUhNMG9nS0VJQ0FnSUNnZ09hREp3EAE&entityid=ChZDSUhNMG9nS0VJQ0FnSUNnZ09hREp3Ei0KF0NJSE0wb2dLRUlDQWdJQ2dnT2FEcHdFEhJDZ3NJamFLbHl3VVFnUEs2WFEaLQoXQ0lITTBvZ0tFSUNBZ0lDZ2dPYUQ1d0USEkNnc0lqYUtseXdVUWdQSzZYUSISCQAAAAAAAAAAEVsqPBtcAQYtKhJDZ3NJamFLbHl3VVFnUEs2WFE&wv=1&d=286732336&gsas=1","Hace 7 años","Lacoma es parecida a Elpunto"
"https://www.google.com/maps/contrib/109043438782314255816/reviews?hl=es","Drago Moisés Petit Cantón","3 reseñas1 foto","·","","https://www.google.com/local/review/rap/report?postId=ChZDSUhNMG9nS0VJQ0FnSURRcnF2RFRBEAE&entityid=ChZDSUhNMG9nS0VJQ0FnSURRcnF2RFRBEi0KF0NJSE0wb2dLRUlDQWdJRFFycXZEekFFEhJDZ3NJd3NINTJBVVF3SjZHUncaLAoWQ0lITTBvZ0tFSUNBZ0lEUXJxdkRMQRISQ2dzSXdzSDUyQVVRd0o2R1J3IhIJAAAAAAAAAAARWyo8G1wBBi0qEkNnc0l3c0g1MkFVUXdKNkdSdw&wv=1&d=286732336&gsas=1","Hace 6 años","Dile que me"
"https://www.google.com/maps/contrib/115356739213083102979/reviews?hl=es","xueying li","2 reseñas2 fotos","·","","https://www.google.com/local/review/rap/report?postId=ChZDSUhNMG9nS0VJQ0FnSUNlNWJlZkd3EAE&entityid=ChZDSUhNMG9nS0VJQ0FnSUNlNWJlZkd3Ei0KF0NJSE0wb2dLRUlDQWdJQ2U1YmVmbXdFEhJDZ3NJanBLaW1RWVFzTzMtVXcaLAoWQ0lITTBvZ0tFSUNBZ0lDZTViZWZXdxISQ2dzSWpwS2ltUVlRc08zLVV3IhIJAAAAAAAAAAARWyo8G1wBBi0qEkNnc0lqcEtpbVFZUXNPMy1Vdw&wv=1&d=286732336&gsas=1","Hace 2 años","They always close at least one of the escalator making me take the stairs. To get to the underground you have to take the stairs already but the part where there is escalator they still close it"
"https://www.google.com/maps/contrib/101263700061334031451/reviews?hl=es","Andres","Local Guide305 reseñas6038 fotos","·","·","https://www.google.com/local/review/rap/report?postId=ChZDSUhNMG9nS0VJQ0FnSURlNVBqSEZREAE&entityid=ChZDSUhNMG9nS0VJQ0FnSURlNVBqSEZREi4KF0NJSE0wb2dLRUlDQWdJRGU1UGpIbFFFEhNDZ3dJd1pYbm1RWVEwSUhiLVFFGi0KFkNJSE0wb2dLRUlDQWdJRGU1UGpIVlESE0Nnd0l3WlhubVFZUTBJSGItUUUiEgkAAAAAAAAAABFbKjwbXAEGLSoTQ2d3SXdaWG5tUVlRMElIYi1RRQ&wv=1&d=286732336&gsas=1","Hace un año","Very nice neighbourhood in Madrid loads of little bars around the area.Shopping centre nearby"
"https://www.google.com/maps/contrib/102653828981620994339/reviews?hl=es","Bayezit Salgur","Local Guide48 reseñas73 fotos","·","·","https://www.google.com/local/review/rap/report?postId=ChdDSUhNMG9nS0VJQ0FnSURRdXVtMG9nRRAB&entityid=ChdDSUhNMG9nS0VJQ0FnSURRdXVtMG9nRRItChZDSUhNMG9nS0VJQ0FnSURRdXVtMFlnEhNDZ3dJd2FHZTJnVVFnTF9mZ0FFGi4KF0NJSE0wb2dLRUlDQWdJRFF1dW0wNGdFEhNDZ3dJd2FHZTJnVVFnTF9mZ0FFIhIJAAAAAAAAAAARWyo8G1wBBi0qE0Nnd0l3YUdlMmdVUWdMX2ZnQUU&wv=1&d=286732336&gsas=1","Hace 6 años","the elevator is quite moody. breaks down frequently."
"https://www.google.com/maps/contrib/117865694943211536866/reviews?hl=es","sadman shakib","2 reseñas15 fotos","·","","https://www.google.com/local/review/rap/report?postId=ChdDSUhNMG9nS0VJQ0FnSURBaHVmYW13RRAB&entityid=ChdDSUhNMG9nS0VJQ0FnSURBaHVmYW13RRItChZDSUhNMG9nS0VJQ0FnSURBaHVmYVd3EhNDZ3dJMklLXzBnVVFnSUNiN2dJGi4KF0NJSE0wb2dLRUlDQWdJREFodWZhMndFEhNDZ3dJMklLXzBnVVFnSUNiN2dJIhIJAAAAAAAAAAARWyo8G1wBBi0qE0Nnd0kySUtfMGdVUWdJQ2I3Z0k&wv=1&d=286732336&gsas=1","Hace 6 años","Best place to live in Madrid"
"https://www.google.com/maps/contrib/109081908977574968620/reviews?hl=es","Jose Antonio Mosquera","","","","https://www.google.com/local/review/rap/report?postId=ChZDSUhNMG9nS0VJQ0FnSUNMOHJQWlBREAE&entityid=ChZDSUhNMG9nS0VJQ0FnSUNMOHJQWlBRGi4KF0NJSE0wb2dLRUlDQWdJQ0w4clBadlFFEhNDZ3dJbHR6QnN3WVFpTUhxdFFJIhIJAAAAAAAAAAARWyo8G1wBBi0qE0Nnd0lsdHpCc3dZUWlNSHF0UUk&wv=1&d=286732336&gsas=1","Hace 3 meses",""
"https://www.google.com/maps/contrib/101799379783314660941/reviews?hl=es","Yalenys Mendoza Montes","Local Guide44 reseñas7 fotos","·","·","https://www.google.com/local/review/rap/report?postId=ChdDSUhNMG9nS0VJQ0FnSUNqbFpETHRBRRAB&entityid=ChdDSUhNMG9nS0VJQ0FnSUNqbFpETHRBRRotChZDSUhNMG9nS0VJQ0FnSUNqbFpETGRBEhNDZ3dJMFo2aXNRWVFnUDNYM1FFIhIJAAAAAAAAAAARWyo8G1wBBi0qE0Nnd0kwWjZpc1FZUWdQM1gzUUU&wv=1&d=286732336&gsas=1","Hace 4 meses",""
"https://www.google.com/maps/contrib/107553410659007257029/reviews?hl=es","Aida Gayo","Local Guide48 reseñas13 fotos","·","·","https://www.google.com/local/review/rap/report?postId=ChZDSUhNMG9nS0VJQ0FnSUREeF9TOURBEAE&entityid=ChZDSUhNMG9nS0VJQ0FnSUREeF9TOURBGi0KF0NJSE0wb2dLRUlDQWdJRER4X1M5akFFEhJDZ3NJcDVEeXNBWVFpT3pZV0EiEgkAAAAAAAAAABFbKjwbXAEGLSoSQ2dzSXA1RHlzQVlRaU96WVdB&wv=1&d=286732336&gsas=1","Hace 5 meses",""
"https://www.google.com/maps/contrib/106945595270214917038/reviews?hl=es","OLGA STAVINSKA","Local Guide2 reseñas","·","","https://www.google.com/local/review/rap/report?postId=ChdDSUhNMG9nS0VJQ0FnSUN4NEpDbnFBRRAB&entityid=ChdDSUhNMG9nS0VJQ0FnSUN4NEpDbnFBRRotChZDSUhNMG9nS0VJQ0FnSUN4NEpDbmFBEhNDZ3dJZ2FQam9nWVF3TXl5eGdNIhIJAAAAAAAAAAARWyo8G1wBBi0qE0Nnd0lnYVBqb2dZUXdNeXl4Z00&wv=1&d=286732336&gsas=1","Hace un año",""
"https://www.google.com/maps/contrib/107361850663588043542/reviews?hl=es","Danny Ryūzaki","Local Guide7 reseñas2 fotos","·","·","https://www.google.com/local/review/rap/report?postId=ChdDSUhNMG9nS0VJQ0FnSUNlNU1LSjNRRRAB&entityid=ChdDSUhNMG9nS0VJQ0FnSUNlNU1LSjNRRRotChZDSUhNMG9nS0VJQ0FnSUNlNU1LSlBREhNDZ3dJZ283ZW1BWVE2TWVxMUFJIhIJAAAAAAAAAAARWyo8G1wBBi0qE0Nnd0lnbzdlbUFZUTZNZXExQUk&wv=1&d=286732336&gsas=1","Hace 2 años",""
"https://www.google.com/maps/contrib/111623968734458352904/reviews?hl=es","Luigi L","Local Guide35 reseñas1 foto","·","·","https://www.google.com/local/review/rap/report?postId=ChZDSUhNMG9nS0VJQ0FnSURPaHFIYU5REAE&entityid=ChZDSUhNMG9nS0VJQ0FnSURPaHFIYU5RGi4KF0NJSE0wb2dLRUlDQWdJRE9ocUhhdFFFEhNDZ3dJN1lTSWxnWVFzUFgwaHdNIhIJAAAAAAAAAAARWyo8G1wBBi0qE0Nnd0k3WVNJbGdZUXNQWDBod00&wv=1&d=286732336&gsas=1","Hace 2 años",""
"https://www.google.com/maps/contrib/107291130929843838999/reviews?hl=es","Mr Marlops","3 reseñas","","","https://www.google.com/local/review/rap/report?postId=ChdDSUhNMG9nS0VJQ0FnSURxX1BQaHVBRRAB&entityid=ChdDSUhNMG9nS0VJQ0FnSURxX1BQaHVBRRotChZDSUhNMG9nS0VJQ0FnSURxX1BQaGVBEhNDZ3dJMWZiN2hnWVFvSUxRcFFNIhIJAAAAAAAAAAARWyo8G1wBBi0qE0Nnd0kxZmI3aGdZUW9JTFFwUU0&wv=1&d=286732336&gsas=1","Hace 3 años",""
"https://www.google.com/maps/contrib/107809312750555724308/reviews?hl=es","YAGOOO","Local Guide","","","https://www.google.com/local/review/rap/report?postId=ChZDSUhNMG9nS0VJQ0FnSURxNE5lQlR3EAE&entityid=ChZDSUhNMG9nS0VJQ0FnSURxNE5lQlR3Gi4KF0NJSE0wb2dLRUlDQWdJRHE0TmVCendFEhNDZ3dJdDhfWGhnWVE0S2VrOUFFIhIJAAAAAAAAAAARWyo8G1wBBi0qE0Nnd0l0OF9YaGdZUTRLZWs5QUU&wv=1&d=286732336&gsas=1","Hace 3 años",""
"https://www.google.com/maps/contrib/105359639067882285542/reviews?hl=es","Sandra R","Local Guide20 reseñas","·","","https://www.google.com/local/review/rap/report?postId=ChZDSUhNMG9nS0VJQ0FnSUNxdmJfemZREAE&entityid=ChZDSUhNMG9nS0VJQ0FnSUNxdmJfemZRGi4KF0NJSE0wb2dLRUlDQWdJQ3F2Yl96X1FFEhNDZ3dJOExTbmhnWVFnTDJhc0FJIhIJAAAAAAAAAAARWyo8G1wBBi0qE0Nnd0k4TFNuaGdZUWdMMmFzQUk&wv=1&d=286732336&gsas=1","Hace 3 años",""
"https://www.google.com/maps/contrib/114076239051072017457/reviews?hl=es","madalina bobe","5 reseñas12 fotos","·","","https://www.google.com/local/review/rap/report?postId=ChZDSUhNMG9nS0VJQ0FnSURLeUotaUpBEAE&entityid=ChZDSUhNMG9nS0VJQ0FnSURLeUotaUpBGi4KF0NJSE0wb2dLRUlDQWdJREt5Si1LcGdFEhNDZ3dJenNLa2hBWVFrS1A0dUFJIhIJAAAAAAAAAAARWyo8G1wBBi0qE0Nnd0l6c0traEFZUWtLUDR1QUk&wv=1&d=286732336&gsas=1","Hace 3 años",""
"https://www.google.com/maps/contrib/104194759197553921672/reviews?hl=es","Paco Cabezas","2 reseñas10 fotos","·","","https://www.google.com/local/review/rap/report?postId=ChZDSUhNMG9nS0VJQ0FnSURTZ2FIMFhREAE&entityid=ChZDSUhNMG9nS0VJQ0FnSURTZ2FIMFhRGi0KF0NJSE0wb2dLRUlDQWdJRFNnYUgwM1FFEhJDZ3NJaF82bV93VVF3SUw0TWciEgkAAAAAAAAAABFbKjwbXAEGLSoSQ2dzSWhfNm1fd1VRd0lMNE1n&wv=1&d=286732336&gsas=1","Hace 3 años",""
"https://www.google.com/maps/contrib/101716734881170238929/reviews?hl=es","hodei lamariano","14 reseñas2 fotos","·","","https://www.google.com/local/review/rap/report?postId=ChdDSUhNMG9nS0VJQ0FnSUNBdGUzaGhRRRAB&entityid=ChdDSUhNMG9nS0VJQ0FnSUNBdGUzaGhRRRouChdDSUhNMG9nS0VJQ0FnSUNBdGUzaHhRRRITQ2d3STVyZW5zZ1VRd042Yy1BSSISCQAAAAAAAAAAEVsqPBtcAQYtKhNDZ3dJcElXbF9BVVFpT3FnMUFN&wv=1&d=286732336&gsas=1","Hace 3 años",""
"https://www.google.com/maps/contrib/105333503216286717012/reviews?hl=es","Amazon Nuevos productos","","","","https://www.google.com/local/review/rap/report?postId=ChZDSUhNMG9nS0VJQ0FnSUNjei1MdlBREAE&entityid=ChZDSUhNMG9nS0VJQ0FnSUNjei1MdlBRGi4KF0NJSE0wb2dLRUlDQWdJQ2N6LUx2dlFFEhNDZ3dJdXUydzlRVVFzS0hpd3dJIhIJAAAAAAAAAAARWyo8G1wBBi0qE0Nnd0l1dTJ3OVFVUXNLSGl3d0k&wv=1&d=286732336&gsas=1","Hace 4 años",""
"https://www.google.com/maps/contrib/112585106681834288967/reviews?hl=es","Javi Rubio","4 reseñas","","","https://www.google.com/local/review/rap/report?postId=ChdDSUhNMG9nS0VJQ0FnSUNZeXRmWGtnRRAB&entityid=ChdDSUhNMG9nS0VJQ0FnSUNZeXRmWGtnRRotChZDSUhNMG9nS0VJQ0FnSUNZeXRmWFVnEhNDZ3dJcV8tNDVRVVFxUHpzMEFFIhIJAAAAAAAAAAARWyo8G1wBBi0qE0Nnd0lxXy00NVFVUXFQenMwQUU&wv=1&d=286732336&gsas=1","Hace 5 años",""
"https://www.google.com/maps/contrib/106107038519094597383/reviews?hl=es","José María Pérez","Local Guide1.020 reseñas293 fotos","·","·","https://www.google.com/local/review/rap/report?postId=ChdDSUhNMG9nS0VJQ0FnSURnNy1pRTZRRRAB&entityid=ChdDSUhNMG9nS0VJQ0FnSURnNy1pRTZRRRotChZDSUhNMG9nS0VJQ0FnSURnNy1pRUdREhNDZ3dJdHRhWjBnVVF3SXlrdVFJIhIJAAAAAAAAAAARWyo8G1wBBi0qE0Nnd0l0dGFaMGdVUXdJeWt1UUk&wv=1&d=286732336&gsas=1","Hace 6 años",""
"https://www.google.com/maps/contrib/104963582320325148442/reviews?hl=es","Rubia Tiberya","Local Guide15 reseñas1 foto","·","·","https://www.google.com/local/review/rap/report?postId=ChdDSUhNMG9nS0VJQ0FnSURBZ2ZxdGdBRRAB&entityid=ChdDSUhNMG9nS0VJQ0FnSURBZ2ZxdGdBRRotChZDSUhNMG9nS0VJQ0FnSURBZ2ZxdFFBEhNDZ3dJMU1PdzBBVVF3UHZVOHdFIhIJAAAAAAAAAAARWyo8G1wBBi0qE0Nnd0kxTU93MEFVUXdQdlU4d0U&wv=1&d=286732336&gsas=1","Hace 6 años",""
"https://www.google.com/maps/contrib/105712955392875090724/reviews?hl=es","FORMATIA MIHAI & ELENA BOBOACA","Local Guide13 reseñas7 fotos","·","·","https://www.google.com/local/review/rap/report?postId=ChZDSUhNMG9nS0VJQ0FnSUNRdk5YYUZ3EAE&entityid=ChZDSUhNMG9nS0VJQ0FnSUNRdk5YYUZ3Gi0KF0NJSE0wb2dLRUlDQWdJQ1F2TFdNandFEhJDZ3NJaDdHVXp3VVFnTk9tZFEiEgkAAAAAAAAAABFbKjwbXAEGLSoSQ2dzSWg3R1V6d1VRZ05PbWRR&wv=1&d=286732336&gsas=1","Hace 6 años",""
"https://www.google.com/maps/contrib/109423969575247482243/reviews?hl=es","Cesar Almazan Sanchez","Local Guide217 reseñas2 fotos","·","·","https://www.google.com/local/review/rap/report?postId=ChZDSUhNMG9nS0VJQ0FnSUNBeXNDbVdBEAE&entityid=ChZDSUhNMG9nS0VJQ0FnSUNBeXNDbVdBGi4KF0NJSE0wb2dLRUlDQWdJQ0F5c0NtMkFFEhNDZ3dJX016dXpRVVF3Sm5ObVFNIhIJAAAAAAAAAAARWyo8G1wBBi0qE0Nnd0lfTXp1elFVUXdKbk5tUU0&wv=1&d=286732336&gsas=1","Hace 7 años",""
"https://www.google.com/maps/contrib/103993461289063489861/reviews?hl=es","Estrella estuvo aquí","Local Guide121 reseñas738 fotos","·","·","https://www.google.com/local/review/rap/report?postId=ChZDSUhNMG9nS0VJQ0FnSUNnd2JudGN3EAE&entityid=ChZDSUhNMG9nS0VJQ0FnSUNnd2JudGN3Gi0KF0NJSE0wb2dLRUlDQWdJQ2d3Ym50OHdFEhJDZ3NJM09QcXpRVVF3SmZmT0EiEgkAAAAAAAAAABFbKjwbXAEGLSoSQ2dzSTNPUHF6UVVRd0pmZk9B&wv=1&d=286732336&gsas=1","Hace 7 años",""
"https://www.google.com/maps/contrib/113050601440539508289/reviews?hl=es","victor king","1 reseña","","","https://www.google.com/local/review/rap/report?postId=ChdDSUhNMG9nS0VJQ0FnSURBOEpUX3pBRRAB&entityid=ChdDSUhNMG9nS0VJQ0FnSURBOEpUX3pBRRotChZDSUhNMG9nS0VJQ0FnSURBOEpUX0xBEhNDZ3dJbXRITHpBVVFnT0tpeUFFIhIJAAAAAAAAAAARWyo8G1wBBi0qE0Nnd0ltdEhMekFVUWdPS2l5QUU&wv=1&d=286732336&gsas=1","Hace 7 años",""
"https://www.google.com/maps/contrib/112404626248819422115/reviews?hl=es","Irina Fonseca","4 reseñas","","","https://www.google.com/local/review/rap/report?postId=ChZDSUhNMG9nS0VJQ0FnSUNRbk96MWFnEAE&entityid=ChZDSUhNMG9nS0VJQ0FnSUNRbk96MWFnGi0KF0NJSE0wb2dLRUlDQWdJQ1FuT3oxNmdFEhJDZ3NJdE1PTHpBVVFnSTJwWUEiEgkAAAAAAAAAABFbKjwbXAEGLSoSQ2dzSXRNT0x6QVVRZ0kycFlB&wv=1&d=286732336&gsas=1","Hace 7 años",""
"https://www.google.com/maps/contrib/103318709119355442687/reviews?hl=es","Rajveer","Local Guide29 reseñas51 fotos","·","·","https://www.google.com/local/review/rap/report?postId=ChdDSUhNMG9nS0VJQ0FnSURnMXBiSjFRRRAB&entityid=ChdDSUhNMG9nS0VJQ0FnSURnMXBiSjFRRRotChZDSUhNMG9nS0VJQ0FnSURnMXBiSk5REhNDZ3dJN2NybXl3VVF3UFhTb1FFIhIJAAAAAAAAAAARWyo8G1wBBi0qE0Nnd0k3Y3JteXdVUXdQWFNvUUU&wv=1&d=286732336&gsas=1","Hace 7 años",""
"https://www.google.com/maps/contrib/112947086890190194967/reviews?hl=es","Costel Preda","3 reseñas","","","https://www.google.com/local/review/rap/report?postId=ChdDSUhNMG9nS0VJQ0FnSURRcDRuaXdRRRAB&entityid=ChdDSUhNMG9nS0VJQ0FnSURRcDRuaXdRRRotChZDSUhNMG9nS0VJQ0FnSURRcDRuaUlREhNDZ3dJbkxEcXlnVVFnT1BaLUFJIhIJAAAAAAAAAAARWyo8G1wBBi0qE0Nnd0luTERxeWdVUWdPUFotQUk&wv=1&d=286732336&gsas=1","Hace 7 años",""
"https://www.google.com/maps/contrib/118380258108260515264/reviews?hl=es","Pepi Peralta","","","","https://www.google.com/local/review/rap/report?postId=ChZDSUhNMG9nS0VJQ0FnSUNRc3VTLVhBEAE&entityid=ChZDSUhNMG9nS0VJQ0FnSUNRc3VTLVhBGi4KF0NJSE0wb2dLRUlDQWdJQ1FzdVMtM0FFEhNDZ3dJcHNMb3h3VVF3SldWd0FFIhIJAAAAAAAAAAARWyo8G1wBBi0qE0Nnd0lwc0xveHdVUXdKV1Z3QUU&wv=1&d=286732336&gsas=1","Hace 7 años",""
"https://www.google.com/maps/contrib/101489000887693352622/reviews?hl=es","maria jose mas mayoral","7 reseñas6 fotos","·","","https://www.google.com/local/review/rap/report?postId=ChdDSUhNMG9nS0VJQ0FnSURROGUyOHlBRRAB&entityid=ChdDSUhNMG9nS0VJQ0FnSURROGUyOHlBRRotChZDSUhNMG9nS0VJQ0FnSURROGUyOEtBEhNDZ3dJbmVyZHhnVVFnSi1tM0FFIhIJAAAAAAAAAAARWyo8G1wBBi0qE0Nnd0luZXJkeGdVUWdKLW0zQUU&wv=1&d=286732336&gsas=1","Hace 7 años",""
"https://www.google.com/maps/contrib/116732147587049474982/reviews?hl=es","Susana Manrique de Lara","Local Guide279 reseñas386 fotos","·","·","https://www.google.com/local/review/rap/report?postId=ChZDSUhNMG9nS0VJQ0FnSUNRamVMNWZBEAE&entityid=ChZDSUhNMG9nS0VJQ0FnSUNRamVMNWZBGi0KF0NJSE0wb2dLRUlDQWdJQ1FqZUw1X0FFEhJDZ3NJdjlIZHdRVVFnS1R4ZlEiEgkAAAAAAAAAABFbKjwbXAEGLSoSQ2dzSXY5SGR3UVVRZ0tUeGZR&wv=1&d=286732336&gsas=1","Hace 7 años",""
"https://www.google.com/maps/contrib/113038058320458381146/reviews?hl=es","Mario Corrales","Local Guide21 reseñas26 fotos","·","·","https://www.google.com/local/review/rap/report?postId=ChdDSUhNMG9nS0VJQ0FnSUN3eWZfczZnRRAB&entityid=ChdDSUhNMG9nS0VJQ0FnSUN3eWZfczZnRRotChZDSUhNMG9nS0VJQ0FnSUN3eWZfc0dnEhNDZ3dJLWRxeHNnVVFnUDYxaHdFIhIJAAAAAAAAAAARWyo8G1wBBi0qE0Nnd0ktZHF4c2dVUWdQNjFod0U&wv=1&d=286732336&gsas=1","Hace 8 años",""
"https://www.google.com/maps/contrib/109233192890638352570/reviews?hl=es","Rafael Campoamor","1 reseña1 foto","·","","https://www.google.com/local/review/rap/report?postId=ChZDSUhNMG9nS0VJQ0FnSURnX0w2RFVBEAE&entityid=ChZDSUhNMG9nS0VJQ0FnSURnX0w2RFVBGi4KF0NJSE0wb2dLRUlDQWdJRGdfTDZEMEFFEhNDZ3dJeV82RWhnVVEtTmpKaUFNIhIJAAAAAAAAAAARWyo8G1wBBi0qE0Nnd0l5XzZFaGdVUS1OakppQU0&wv=1&d=286732336&gsas=1","Hace 11 años",""
"https://www.google.com/maps/contrib/109045557981357366842/reviews?hl=es","Mariano del Rio","1 reseña","","","https://www.google.com/local/review/rap/report?postId=ChZDSUhNMG9nS0VJQ0FnSURRNkx5QVdREAE&entityid=ChZDSUhNMG9nS0VJQ0FnSURRNkx5QVdRGi4KF0NJSE0wb2dLRUlDQWdJRFE2THlBMlFFEhNDZ3dJcEp2emhRVVE4UDZjeVFJIhIJAAAAAAAAAAARWyo8G1wBBi0qE0Nnd0lwSnZ6aFFVUThQNmN5UUk&wv=1&d=286732336&gsas=1","Hace 11 años",""