"yC3ZMb href","Vpc5Fe","GSM50","enjdgf","KgoSse href","y3Ibjb","OA1nbd","enjdgf 2"
"https://www.google.com/maps/contrib/115004297455305411375/reviews?hl=es","Almudena","5¬†rese√±as1¬†foto","¬∑","https://www.google.com/local/review/rap/report?postId=ChdDSUhNMG9nS0VJQ0FnSUREdDlPZDlnRRAB&entityid=ChdDSUhNMG9nS0VJQ0FnSUREdDlPZDlnRRItChZDSUhNMG9nS0VJQ0FnSUREdDlPZERnEhNDZ3dJX1B6MHNBWVEyTnkwbndFGi4KF0NJSE0wb2dLRUlDQWdJRER0OU9kamdFEhNDZ3dJX1B6MHNBWVEyTnkwbndFIhIJ2Qm5gSeKQQ0RwVYEVBkCvWkqE0Nnd0lfUHowc0FZUTJOeTBud0U&wv=1&d=286732336&gsas=1","Hace 5 meses","VERG√úENZA hoy el ascensor averiado y metro no avisa por los luminosos o altavoces. El encargado de la estaci√≥n de metro s√∫per amable, llamado para saber que ascensores est√°n operativos y ¬°SORPRESA! Esta ma√±ana 3 estaciones seguidas sin servicio de ascensor, por suerte en una de ellas ya estaba arreglado y nos hemos podido bajar. Avisen en las l√≠neas afectadas y estaciones para facilitar la vida a las personas con movilidad reducida.",""
"https://www.google.com/maps/contrib/116341635124519620556/reviews?hl=es","Eduardo Ruiz","Local Guide605¬†rese√±as2494¬†fotos","¬∑","https://www.google.com/local/review/rap/report?postId=ChdDSUhNMG9nS0VJQ0FnSURtOTZTaGlRRRAB&entityid=ChdDSUhNMG9nS0VJQ0FnSURtOTZTaGlRRRIsChZDSUhNMG9nS0VJQ0FnSURtOTZTaFNREhJDZ3NJdV9hZWtBWVF3TUNDRFEaLQoXQ0lITTBvZ0tFSUNBZ0lEbTk2U2h5UUUSEkNnc0l1X2Fla0FZUXdNQ0NEUSISCQAAAAAAAAAAEcFWBFQZAr1pKhJDZ3NJdV9hZWtBWVF3TUNDRFE&wv=1&d=286732336&gsas=1","Hace 2 a√±os","Una estaci√≥n sencilla y con todo lo que necesita para ser accesible.Adem√°s tiene la oficina de transporte p√∫blico para hacer las gestiones oportunas con los abonos mensuales de metro y bus.Es de la l√≠nea 12 de metro de madrid, llamada tambi√©n Metrosur, y est√° conectado con la red de cercan√≠as RENFE que te lleva a atocha en un santiam√©n.A tan solo 2 paradas de metro de Puerta del sur, que tambi√©n se conecta con madrid.","¬∑"
"https://www.google.com/maps/contrib/102675908520274660387/reviews?hl=es","Ma Ca","Local Guide1.249¬†rese√±as21888¬†fotos","¬∑","https://www.google.com/local/review/rap/report?postId=ChZDSUhNMG9nS0VJQ0FnSURRcUtxbEV3EAE&entityid=ChZDSUhNMG9nS0VJQ0FnSURRcUtxbEV3Ei4KF0NJSE0wb2dLRUlDQWdJRFFxS3Fsa3dFEhNDZ3dJdnM2QTJ3VVF3SVg5cWdJGi0KFkNJSE0wb2dLRUlDQWdJRFFxS3FsVXcSE0Nnd0l2czZBMndVUXdJWDlxZ0kiEgkAAAAAAAAAABHBVgRUGQK9aSoTQ2d3SXZzNkEyd1VRd0lYOXFnSQ&wv=1&d=286732336&gsas=1","Hace 6 a√±os","Pertenece a la l√≠nea 12 de metro (metrosur). Igual que las otras no dispone de cobertura. Comunica directamente con la estaci√≥n de Legan√©s central de Renfe. El vest√≠bulo es bastante amplio y suele estar limpio. el","¬∑"
"https://www.google.com/maps/contrib/108693969075277871378/reviews?hl=es","Raquel Pagola","Local Guide8¬†rese√±as","¬∑","https://www.google.com/local/review/rap/report?postId=ChdDSUhNMG9nS0VJQ0FnSUNIczVfUjhRRRAB&entityid=ChdDSUhNMG9nS0VJQ0FnSUNIczVfUjhRRRIsChZDSUhNMG9nS0VJQ0FnSUNIczVfUkNREhJDZ3NJcnJUM3RnWVF3TXUtV1EaLQoXQ0lITTBvZ0tFSUNBZ0lDSHM1X1JpUUUSEkNnc0lyclQzdGdZUXdNdS1XUSISCQAAAAAAAAAAEcFWBFQZAr1pKhJDZ3NJcnJUM3RnWVF3TXUtV1E&wv=1&d=286732336&gsas=1","Hace una semana","Lugar concurrido. En algunos puntos falta iluminaci√≥n.",""
"https://www.google.com/maps/contrib/106654701934642615008/reviews?hl=es","Marcos Cabrera Garc√≠a","Local Guide361¬†rese√±as9933¬†fotos","¬∑","https://www.google.com/local/review/rap/report?postId=ChdDSUhNMG9nS0VJQ0FnSURPOXJTdG9BRRAB&entityid=ChdDSUhNMG9nS0VJQ0FnSURPOXJTdG9BRRItChZDSUhNMG9nS0VJQ0FnSURPOXJTdFlBEhNDZ3dJZzhPUGxnWVFzTG4tdWdFGi4KF0NJSE0wb2dLRUlDQWdJRE85clN0NEFFEhNDZ3dJZzhPUGxnWVFzTG4tdWdFIhIJAAAAAAAAAAARwVYEVBkCvWkqE0Nnd0lnOE9QbGdZUXNMbi11Z0U&wv=1&d=286732336&gsas=1","Hace 2 a√±os","La ubicaci√≥n es muy correcta. Nunca se encuentra aglomeraci√≥n de personas independientemente de la hora o la √©poca del a√±o. Espaciosa m√°s menos acorde al tama√±o de Legan√©s. Encuentras aseos e informaci√≥n para el viajero muy oportuna y correctamente se√±alada. La atenci√≥n de su personal el correcta y educada. En el peque√±o espacio para informaci√≥n y atenci√≥n al viajero el trato es estupendo.","¬∑"
"https://www.google.com/maps/contrib/106025437675231232199/reviews?hl=es","E.S.H sky","20¬†rese√±as8¬†fotos","¬∑","https://www.google.com/local/review/rap/report?postId=ChdDSUhNMG9nS0VJQ0FnSURldllfYXRBRRAB&entityid=ChdDSUhNMG9nS0VJQ0FnSURldllfYXRBRRItChZDSUhNMG9nS0VJQ0FnSURldllfYWRBEhNDZ3dJX3BDMm1nWVF1T2kwdGdFGi4KF0NJSE0wb2dLRUlDQWdJRGV2WV9hOUFFEhNDZ3dJaXBHMm1nWVEyT0NvNkFFIhIJAAAAAAAAAAARwVYEVBkCvWkqE0Nnd0lpcEcybWdZUTJPQ282QUU&wv=1&d=286732336&gsas=1","Hace un a√±o","Todo bien en la oficina de atenci√≥n al cliente, excepto cuando se desaparecen 5h a merendar ignorando por completo el horario publicado. Al entrar tiene publicado un cartel en el que establece 30 minutos de descanso por turno, he echado una sugerencia de que pongan esas ""letras peque√±as afuera junto con  el horario""En cuanto a los trenes normalmente siempre han ido muy bien, saliendo en hora, la estaci√≥n es grande y espaciosa cuenta con dos cafeter√≠as y un local de autoescuela. Tiene dos salidas, lea bien las instrucciones de cada una de ellas. Renfe y metro üëç",""
"https://www.google.com/maps/contrib/100303776861933366316/reviews?hl=es","Maria Lacon Piris","Local Guide12¬†rese√±as","¬∑","https://www.google.com/local/review/rap/report?postId=ChdDSUhNMG9nS0VJQ0FnSURSMnVuMzdnRRAB&entityid=ChdDSUhNMG9nS0VJQ0FnSURSMnVuMzdnRRItChZDSUhNMG9nS0VJQ0FnSURSMnVuM0hnEhNDZ3dJOW9DVW9nWVFnTER2cGdFGi4KF0NJSE0wb2dLRUlDQWdJRFIydW4zbmdFEhNDZ3dJOW9DVW9nWVFnTER2cGdFIhIJAAAAAAAAAAARwVYEVBkCvWkqE0Nnd0k5b0NVb2dZUWdMRHZwZ0U&wv=1&d=286732336&gsas=1","Hace un a√±o","Hay ascensores en toda la red de tren y metro ya no es necesario llevar mascarilla y en la estaci√≥n de Renfe y por las calles alrededor se puede aparcar bien y preguntando por la calle como por la estaci√≥n la gente sabe toda indicar bien si existe problemas no duden en llamar eso s√≠ por favor si en √©ste no se lo cogen llamar a este n√∫mero que raramente esta ocupado es para urgencia nada m√°s +34636595458 y siton amables por favor avisen de la entrega del d√≠a y hora humilde mente much√≠simas gracia",""
"https://www.google.com/maps/contrib/118230391515116522736/reviews?hl=es","Nerea","4¬†rese√±as","","https://www.google.com/local/review/rap/report?postId=ChZDSUhNMG9nS0VJQ0FnSUNCNTkzOVdnEAE&entityid=ChZDSUhNMG9nS0VJQ0FnSUNCNTkzOVdnEi4KF0NJSE0wb2dLRUlDQWdJQ0I1OTM5MmdFEhNDZ3dJcnNIZ25RWVEyTktGbEFFGi0KFkNJSE0wb2dLRUlDQWdJQ0I1OTM5T2cSE0Nnd0lyc0hnblFZUTJOS0ZsQUUiEgkAAAAAAAAAABHBVgRUGQK9aSoTQ2d3SXJzSGduUVlRMk5LRmxBRQ&wv=1&d=286732336&gsas=1","Hace un a√±o","Quer√≠a resaltar la amabilidad y profesionalidad del vigilante de seguridad que el d√≠a 6 de enero estaba en la estaci√≥n de Getafe Centrall de METRO a las 14:15.Nos atendi√≥ muy bien e incluso con m√°s informaci√≥n que los propios trabajadores de Metro.Un 10 para √©l.",""
"https://www.google.com/maps/contrib/115329490989976659963/reviews?hl=es","Reformas Mantenimientos","3¬†rese√±as2¬†fotos","¬∑","https://www.google.com/local/review/rap/report?postId=ChZDSUhNMG9nS0VJQ0FnSUNieE9pV1h3EAE&entityid=ChZDSUhNMG9nS0VJQ0FnSUNieE9pV1h3Ei4KF0NJSE0wb2dLRUlDQWdJQ2J4T2lXM3dFEhNDZ3dJcks3LXRBWVFzTmF3c2dJGi0KFkNJSE0wb2dLRUlDQWdJQ2J4T2lXUHcSE0Nnd0lySzctdEFZUXNOYXdzZ0kiEgkAAAAAAAAAABHBVgRUGQK9aSoTQ2d3SXJLNy10QVlRc05hd3NnSQ&wv=1&d=286732336&gsas=1","Hace un mes","Esta muy bien ubicado",""
"https://www.google.com/maps/contrib/112056806180403847488/reviews?hl=es","Raquel Y ‚ÄúRaquel‚Äù","Local Guide95¬†rese√±as25¬†fotos","¬∑","https://www.google.com/local/review/rap/report?postId=ChdDSUhNMG9nS0VJQ0FnSUNONUpmbTd3RRAB&entityid=ChdDSUhNMG9nS0VJQ0FnSUNONUpmbTd3RRItChZDSUhNMG9nS0VJQ0FnSUNONUpmbUh3EhNDZ3dJeU8tRHJRWVF5TXZSMUFFGi4KF0NJSE0wb2dLRUlDQWdJQ041SmZtbndFEhNDZ3dJeU8tRHJRWVF5TXZSMUFFIhIJAAAAAAAAAAARwVYEVBkCvWkqE0Nnd0l5Ty1EclFZUXlNdlIxQUU&wv=1&d=286732336&gsas=1","Hace 8 meses","La estaci√≥n de metro est√° mejor, pero la de tren es vieja, descuidada y la mitad de los tornos no funcionan.Adem√°s al estar al exterior hace mucho fr√≠o en invierno","¬∑"
"https://www.google.com/maps/contrib/105421554454872835970/reviews?hl=es","Luc√≠a Hidalgo Rodr√≠guez","12¬†rese√±as","","https://www.google.com/local/review/rap/report?postId=ChZDSUhNMG9nS0VJQ0FnSURoOXRYZE5BEAE&entityid=ChZDSUhNMG9nS0VJQ0FnSURoOXRYZE5BEi4KF0NJSE0wb2dLRUlDQWdJRGg5dFhkdEFFEhNDZ3dJbE5laW9BWVFrSlBzcFFFGi0KFkNJSE0wb2dLRUlDQWdJRGg5dFhkZEESE0Nnd0lsTmVpb0FZUWtKUHNwUUUiEgkAAAAAAAAAABHBVgRUGQK9aSoTQ2d3SWxOZWlvQVlRa0pQc3BRRQ&wv=1&d=286732336&gsas=1","Hace un a√±o","Trato mejorable ya que he ido tres veces porque me falla la tarjeta y hoy que tenia que ir a trabajar me dec√≠an que esperara la fila. Recargue el bono el 07/03. He tenido que pagar un billete por 1,70‚Ç¨. VERGONZOSO",""
"https://www.google.com/maps/contrib/117660427319225097338/reviews?hl=es","Manu Sevilla","Local Guide107¬†rese√±as51¬†fotos","¬∑","https://www.google.com/local/review/rap/report?postId=ChZDSUhNMG9nS0VJQ0FnSUNaOXVIRWF3EAE&entityid=ChZDSUhNMG9nS0VJQ0FnSUNaOXVIRWF3Ei4KF0NJSE0wb2dLRUlDQWdJQ1o5dUhFNndFEhNDZ3dJc2NMMnB3WVEyS0xZeXdNGi0KFkNJSE0wb2dLRUlDQWdJQ1o5dUhFR3cSE0Nnd0lzY0wycHdZUTJLTFl5d00iEgkAAAAAAAAAABHBVgRUGQK9aSoTQ2d3SXNjTDJwd1lRMktMWXl3TQ&wv=1&d=286732336&gsas=1","Hace un a√±o","Estaci√≥n compartida Renfe Cercanias C5 y MetroSur, que tambi√©n permite en paso a peatones al otro lado de las v√≠as ferroviarias. Amplia y  suficiente para su cometido.","¬∑"
"https://www.google.com/maps/contrib/111196282758266588370/reviews?hl=es","Cristina Sanful","Local Guide130¬†rese√±as93¬†fotos","¬∑","https://www.google.com/local/review/rap/report?postId=ChdDSUhNMG9nS0VJQ0FnSURldEt6Tjl3RRAB&entityid=ChdDSUhNMG9nS0VJQ0FnSURldEt6Tjl3RRItChZDSUhNMG9nS0VJQ0FnSURldEt6TkR3EhNDZ3dJbHBQcm1RWVF1UDc1NGdFGi4KF0NJSE0wb2dLRUlDQWdJRGV0S3pOandFEhNDZ3dJbHBQcm1RWVF1UDc1NGdFIhIJAAAAAAAAAAARwVYEVBkCvWkqE0Nnd0lscFBybVFZUXVQNzU0Z0U&wv=1&d=286732336&gsas=1","Hace un a√±o","el servicio de atenci√≥n al cliente del metro oficina de gesti√≥n tarjeta transporte p√∫blico es un poco nefasto ,la gente en la √∫nica fila que hay para que te atiendan porque hay un cartel  con esto que nadie lo uso porque est√° claro que a las dos se√±oritas de dentro se las trae sin cuidado si en esa fila hay gente o no,pas√≥ con mi marido para que nos atiendan y me dice que me tengo que salir que solo puede estar el interesado cuando 2 minutos antes hab√≠a dos personas con su compa√±era","¬∑"
"https://www.google.com/maps/contrib/100529674092143273374/reviews?hl=es","Alba Ortiz","20¬†rese√±as2¬†fotos","¬∑","https://www.google.com/local/review/rap/report?postId=ChdDSUhNMG9nS0VJQ0FnSURoNzgzZHp3RRAB&entityid=ChdDSUhNMG9nS0VJQ0FnSURoNzgzZHp3RRItChZDSUhNMG9nS0VJQ0FnSURoNzgzZEx3EhNDZ3dJcmI3bG9BWVF3SWVNaHdNGi4KF0NJSE0wb2dLRUlDQWdJRGg3ODJUbVFFEhNDZ3dJcmI3bG9BWVF3SWVNaHdNIhIJAAAAAAAAAAARwVYEVBkCvWkqE0Nnd0lyYjdsb0FZUXdJZU1od00&wv=1&d=286732336&gsas=1","Hace un a√±o","Me atendi√≥ m Teresa y fue un amor conmigo, llegue un poco nerviosa y supo ayudarme en todo momento y hasta me aconsejo con lo que me hab√≠a sucedido, un amor de mujer y un trato de 10",""
"https://www.google.com/maps/contrib/107448134710502902291/reviews?hl=es","Naiara Arroba Garc√≠a","22¬†rese√±as2¬†fotos","¬∑","https://www.google.com/local/review/rap/report?postId=ChdDSUhNMG9nS0VJQ0FnSURCOF9LamlBRRAB&entityid=ChdDSUhNMG9nS0VJQ0FnSURCOF9LamlBRRItChZDSUhNMG9nS0VJQ0FnSURCOF9LalNBEhNDZ3dJNFpuVW5nWVFxSjJCblFFGi4KF0NJSE0wb2dLRUlDQWdJREI4X0tqeUFFEhNDZ3dJNFpuVW5nWVFxSjJCblFFIhIJAAAAAAAAAAARwVYEVBkCvWkqE0Nnd0k0Wm5VbmdZUXFKMkJuUUU&wv=1&d=286732336&gsas=1","Hace un a√±o","La oficina de gesti√≥n de tarjetas de transporte p√∫blico es nefasta. Te tiras 1 hora esperando en la fila ya que dentro solo hay una se√±orita.",""
"https://www.google.com/maps/contrib/114788712321048288680/reviews?hl=es","JOSE BUENA√ëO","Local Guide51¬†rese√±as","¬∑","https://www.google.com/local/review/rap/report?postId=ChdDSUhNMG9nS0VJQ0FnSUREX2EyU21RRRAB&entityid=ChdDSUhNMG9nS0VJQ0FnSUREX2EyU21RRRItChZDSUhNMG9nS0VJQ0FnSUREX2EyU1dREhNDZ3dJcU1qcHNBWVFzSXZJM3dFGi4KF0NJSE0wb2dLRUlDQWdJRERfYTJTMlFFEhNDZ3dJcU1qcHNBWVFzSXZJM3dFIhIJAAAAAAAAAAARwVYEVBkCvWkqE0Nnd0lxTWpwc0FZUXNJdkkzd0U&wv=1&d=286732336&gsas=1","Hace 5 meses","Todo bien",""
"https://www.google.com/maps/contrib/100077897728660107834/reviews?hl=es","Luciano Weisser","Local Guide8¬†rese√±as9¬†fotos","¬∑","https://www.google.com/local/review/rap/report?postId=ChdDSUhNMG9nS0VJQ0FnSUNoNl9TdHJBRRAB&entityid=ChdDSUhNMG9nS0VJQ0FnSUNoNl9TdHJBRRItChZDSUhNMG9nS0VJQ0FnSUNoNl9TdGJBEhNDZ3dJME43WW53WVE2TWloeVFJGi4KF0NJSE0wb2dLRUlDQWdJQ2g2X1N0N0FFEhNDZ3dJME43WW53WVE2TWloeVFJIhIJAAAAAAAAAAARwVYEVBkCvWkqE0Nnd0kwTjdZbndZUTZNaWh5UUk&wv=1&d=286732336&gsas=1","Hace un a√±o","C-5 DIRECCI√ìN MOSTOLES/EL SOTO  TODOS LOS DIAS CON RETRASO. A VECES TOCA ESPERAR EL TREN MAS DE 25 MINUTOS.TENEMOS QUE TRABAJAR.","¬∑"
"https://www.google.com/maps/contrib/105805219293358404084/reviews?hl=es","Alerking Vegas","Local Guide186¬†rese√±as989¬†fotos","¬∑","https://www.google.com/local/review/rap/report?postId=ChdDSUhNMG9nS0VJQ0FnSUNBbnNmTWlBRRAB&entityid=ChdDSUhNMG9nS0VJQ0FnSUNBbnNmTWlBRRIsChZDSUhNMG9nS0VJQ0FnSUNBbnNmTVNBEhJDZ3NJdEx6UHdnVVF3UHFkUXcaLQoXQ0lITTBvZ0tFSUNBZ0lDQW5zZk15QUUSEkNnc0l0THpQd2dVUXdQcWRRdyISCQAAAAAAAAAAEcFWBFQZAr1pKhJDZ3NJdEx6UHdnVVF3UHFkUXc&wv=1&d=286732336&gsas=1","Hace 7 a√±os","A la hora de esperar el tren suele aparecer digamos.. 1minuto en los paneles,pero el tren tarda m√°s de 5 en llegar,pero es na buena estaci√≥n","¬∑"
"https://www.google.com/maps/contrib/116288540668052755089/reviews?hl=es","Gabriel Montero Montes","Local Guide403¬†rese√±as582¬†fotos","¬∑","https://www.google.com/local/review/rap/report?postId=ChdDSUhNMG9nS0VJQ0FnSUNndGZLWDVBRRAB&entityid=ChdDSUhNMG9nS0VJQ0FnSUNndGZLWDVBRRItChZDSUhNMG9nS0VJQ0FnSUNndGZLWEZBEhNDZ3dJdDk3bXR3VVF3SktVbHdFGi4KF0NJSE0wb2dLRUlDQWdJQ2d0ZktYbEFFEhNDZ3dJdDk3bXR3VVF3SktVbHdFIhIJAAAAAAAAAAARwVYEVBkCvWkqE0Nnd0l0OTdtdHdVUXdKS1Vsd0U&wv=1&d=286732336&gsas=1","Hace 8 a√±os","La estaci√≥n de Metro Sur de Legan√©s Central fue inagurada el 11 de abril de 2003. Presta servicio la Linea 12 (Verde oscuro). La estaci√≥n se encuentra en la intersecci√≥n de la calle Virgen del Camino con Paseo de la Estaci√≥n en el municipio de Legan√©s. Esta estaci√≥n encuentra conectada con una estaci√≥n Legan√©s de Renfe Cercan√≠as Madrid en la superficie. Esta estaci√≥n est√° pr√≥xima a la Escuela Polit√©cnica Superior de la Universidad Carlos III de Madrid.","¬∑"
"https://www.google.com/maps/contrib/102981335426394337894/reviews?hl=es","lupiomar _","Local Guide18¬†rese√±as2¬†fotos","¬∑","https://www.google.com/local/review/rap/report?postId=ChZDSUhNMG9nS0VJQ0FnSUQ5eUlHLUNREAE&entityid=ChZDSUhNMG9nS0VJQ0FnSUQ5eUlHLUNREi4KF0NJSE0wb2dLRUlDQWdJRDl5SUctaVFFEhNDZ3dJOWJUQ3J3WVE2Tl8zaXdNGi0KFkNJSE0wb2dLRUlDQWdJRDl5SUctU1ESE0Nnd0k5YlRDcndZUTZOXzNpd00iEgkAAAAAAAAAABHBVgRUGQK9aSoTQ2d3STliVENyd1lRNk5fM2l3TQ&wv=1&d=286732336&gsas=1","Hace 6 meses","Excelente muy limpio","¬∑"
"https://www.google.com/maps/contrib/118066082084095735485/reviews?hl=es","Eugenio Mtnez","Local Guide102¬†rese√±as132¬†fotos","¬∑","https://www.google.com/local/review/rap/report?postId=ChdDSUhNMG9nS0VJQ0FnSUNBbTZ5R3lBRRAB&entityid=ChdDSUhNMG9nS0VJQ0FnSUNBbTZ5R3lBRRItChZDSUhNMG9nS0VJQ0FnSUNBbTZ5R0tBEhNDZ3dJblo3UzJRVVFnTEdzMGdNGi4KF0NJSE0wb2dLRUlDQWdJQ0FtNnlHcUFFEhNDZ3dJblo3UzJRVVFnTEdzMGdNIhIJAAAAAAAAAAARwVYEVBkCvWkqE0Nnd0luWjdTMlFVUWdMR3MwZ00&wv=1&d=286732336&gsas=1","Hace 6 a√±os","Me gusta, tal cual la teletransportaria a  Algete ,que hace muuucha falta a toda la zona Norte, con muchos miles de personas desplaz√°ndose en coches y bus. METRO/ REMFE YA . XD","¬∑"
"https://www.google.com/maps/contrib/109012165185244114385/reviews?hl=es","Jose Herreros","Local Guide24¬†rese√±as","¬∑","https://www.google.com/local/review/rap/report?postId=ChZDSUhNMG9nS0VJQ0FnSURyZzVqYVh3EAE&entityid=ChZDSUhNMG9nS0VJQ0FnSURyZzVqYVh3Ei4KF0NJSE0wb2dLRUlDQWdJRHJnNWphM3dFEhNDZ3dJMVlYcXRBWVE2TWo1Z2dJGi0KFkNJSE0wb2dLRUlDQWdJRHJnNWphUHcSE0Nnd0kxWVhxdEFZUTZNajVnZ0kiEgkAAAAAAAAAABHBVgRUGQK9aSoTQ2d3STFZWHF0QVlRNk1qNWdnSQ&wv=1&d=286732336&gsas=1","Hace 2 meses","Todo correcto",""
"https://www.google.com/maps/contrib/107083805993619037180/reviews?hl=es","simon pimentel","Local Guide191¬†rese√±as103¬†fotos","¬∑","https://www.google.com/local/review/rap/report?postId=ChdDSUhNMG9nS0VJQ0FnSURobS1iX3l3RRAB&entityid=ChdDSUhNMG9nS0VJQ0FnSURobS1iX3l3RRItChZDSUhNMG9nS0VJQ0FnSURobS1iX0t3EhNDZ3dJeXN2V29BWVE2UGVCaVFJGi4KF0NJSE0wb2dLRUlDQWdJRGhtLWJfcXdFEhNDZ3dJeXN2V29BWVE2UGVCaVFJIhIJAAAAAAAAAAARwVYEVBkCvWkqE0Nnd0l5c3ZXb0FZUTZQZUJpUUk&wv=1&d=286732336&gsas=1","Hace un a√±o","Es un peligro un trabajo como este que unCartel publicitario est√© pegado nada m√°s que con cilicona","¬∑"
"https://www.google.com/maps/contrib/104756378958477608432/reviews?hl=es","Sergio N√∫√±ez L√≥pez","Local Guide889¬†rese√±as11691¬†fotos","¬∑","https://www.google.com/local/review/rap/report?postId=ChdDSUhNMG9nS0VJQ0FnSURRMGNLRTJnRRAB&entityid=ChdDSUhNMG9nS0VJQ0FnSURRMGNLRTJnRRItChZDSUhNMG9nS0VJQ0FnSURRMGNLRU9nEhNDZ3dJaGIzWHZBVVF3T2Jvd2dJGi4KF0NJSE0wb2dLRUlDQWdJRFEwY0tFdWdFEhNDZ3dJaGIzWHZBVVF3T2Jvd2dJIhIJAAAAAAAAAAARwVYEVBkCvWkqE0Nnd0loYjNYdkFVUXdPYm93Z0k&wv=1&d=286732336&gsas=1","Hace 8 a√±os","Estaci√≥n de RENFE l√≠nea C5 y estaci√≥n de metro l√≠nea 12","¬∑"
"https://www.google.com/maps/contrib/110180926755832068224/reviews?hl=es","Fuckin Cruasant","Local Guide11¬†rese√±as5¬†fotos","¬∑","https://www.google.com/local/review/rap/report?postId=ChZDSUhNMG9nS0VJQ0FnSUNSaW8zVVN3EAE&entityid=ChZDSUhNMG9nS0VJQ0FnSUNSaW8zVVN3Ei4KF0NJSE0wb2dLRUlDQWdJQ1JpbzNVeXdFEhNDZ3dJM1p1U29RWVFnTVNMMHdFGi0KFkNJSE0wb2dLRUlDQWdJQ1JpbzNVS3cSE0Nnd0kzWnVTb1FZUWdNU0wwd0UiEgkAAAAAAAAAABHBVgRUGQK9aSoTQ2d3STNadVNvUVlRZ01TTDB3RQ&wv=1&d=286732336&gsas=1","Hace un a√±o","Me estafaron üòîüòîüòîü•≤ü•≤ü•≤ü•≤ü•≤ü•≤ü•≤me dieron el cambio mal y no me lo quisieron dar üíµüíµüíµüíµüíµüíµüíµüíµüíµüíµüíµüíµesto sucedi√≥ en donde te haces el bono jovenü•≤ü•≤ü•≤ü•≤ü•≤ü•≤ü•≤ü•≤ü•≤ü•≤üò≠üò≠üò≠üò≠üò≠üò≠üò≠üò≠üò≠üò≠üò≠üò≠üò≠üò≠üò≠üò≠üò≠me estafaron 10 pavos üò≠üò≠","¬∑"
"https://www.google.com/maps/contrib/102753046311637038606/reviews?hl=es","JUAN JOSE JIMENEZ ORTIZ","5¬†rese√±as","","https://www.google.com/local/review/rap/report?postId=ChZDSUhNMG9nS0VJQ0FnSUNodmJPU0d3EAE&entityid=ChZDSUhNMG9nS0VJQ0FnSUNodmJPU0d3Ei0KF0NJSE0wb2dLRUlDQWdJQ2h2Yk9TbXdFEhJDZ3NJdnBYTm53WVFrSTNvS2caLAoWQ0lITTBvZ0tFSUNBZ0lDaHZiT1NXdxISQ2dzSXZwWE5ud1lRa0kzb0tnIhIJAAAAAAAAAAARwVYEVBkCvWkqEkNnc0l2cFhObndZUWtJM29LZw&wv=1&d=286732336&gsas=1","Hace un a√±o","Donde debo dirigirme para solicitar con cita la tarjeta transporte de Mayores",""
"https://www.google.com/maps/contrib/103483990896863354574/reviews?hl=es","Ana Solorzano Ojeda","Local Guide192¬†rese√±as825¬†fotos","¬∑","https://www.google.com/local/review/rap/report?postId=ChZDSUhNMG9nS0VJQ0FnSURzZ3BQaVNBEAE&entityid=ChZDSUhNMG9nS0VJQ0FnSURzZ3BQaVNBEi0KFkNJSE0wb2dLRUlDQWdJQ0dsZHZuRncSE0Nnd0locy1SakFZUWtLcXJ4Z0UaLgoXQ0lITTBvZ0tFSUNBZ0lEc2dwUGl5QUUSE0Nnd0loYy1SakFZUXVNTzRsd00iEgkAAAAAAAAAABHBVgRUGQK9aSoTQ2d3SWhzLVJqQVlRa0txcnhnRQ&wv=1&d=286732336&gsas=1","Hace 2 a√±os","‚ùåCreo que deber√≠a haber m√°s seguridad, hay mucha gente conflictiva siempre a las entradas del metro y del Renfe.","¬∑"
"https://www.google.com/maps/contrib/103862603120215517338/reviews?hl=es","Ra√∫l Larriba","Local Guide341¬†rese√±as347¬†fotos","¬∑","https://www.google.com/local/review/rap/report?postId=ChdDSUhNMG9nS0VJQ0FnSUR1MW92UHBRRRAB&entityid=ChdDSUhNMG9nS0VJQ0FnSUR1MW92UHBRRRItChZDSUhNMG9nS0VJQ0FnSUR1MW92UFpREhNDZ3dJdDlLQ21BWVFvTXI5bEFFGi4KF0NJSE0wb2dLRUlDQWdJRHUxb3ZQNVFFEhNDZ3dJdDlLQ21BWVFvTXI5bEFFIhIJAAAAAAAAAAARwVYEVBkCvWkqE0Nnd0l0OUtDbUFZUW9NcjlsQUU&wv=1&d=286732336&gsas=1","Hace 2 a√±os","Estaci√≥n de cercanias, Metro y Renfe Media diatancia. Grande y de f√°cil acceso.","¬∑"
"https://www.google.com/maps/contrib/109429718022942710434/reviews?hl=es","Alejandro Grande","Local Guide61¬†rese√±as12¬†fotos","¬∑","https://www.google.com/local/review/rap/report?postId=ChZDSUhNMG9nS0VJQ0FnSURLeUxET1h3EAE&entityid=ChZDSUhNMG9nS0VJQ0FnSURLeUxET1h3Ei0KF0NJSE0wb2dLRUlDQWdJREt5TERPM3dFEhJDZ3NJX19DaWhBWVF3Ty1ORWcaLAoWQ0lITTBvZ0tFSUNBZ0lES3lMRE9QdxISQ2dzSV9fQ2loQVlRd08tTkVnIhIJAAAAAAAAAAARwVYEVBkCvWkqEkNnc0lfX0NpaEFZUXdPLU5FZw&wv=1&d=286732336&gsas=1","Hace 3 a√±os","Buena estaci√≥n, pero da much√≠sima rabia ver a la gente colarse y que no haya nadie para evitarlo","¬∑"
"https://www.google.com/maps/contrib/106699017857443090109/reviews?hl=es","Angel Infantes Espinosa","11¬†rese√±as","","https://www.google.com/local/review/rap/report?postId=ChdDSUhNMG9nS0VJQ0FnSUQ2ellLNC1RRRAB&entityid=ChdDSUhNMG9nS0VJQ0FnSUQ2ellLNC1RRRItChZDSUhNMG9nS0VJQ0FnSUQ2ellLNEJREhNDZ3dJb09UN2lnWVEySkRhX0FFGi4KF0NJSE0wb2dLRUlDQWdJRDZ6WUs0aFFFEhNDZ3dJb09UN2lnWVEySkRhX0FFIhIJAAAAAAAAAAARwVYEVBkCvWkqE0Nnd0lvT1Q3aWdZUTJKRGFfQUU&wv=1&d=286732336&gsas=1","Hace 2 a√±os","Siempre la 486 y la 483 con problemas, los conductores siempre tienen una excusa, que si el tr√°fico, que si se ha roto un coche, que si...siempre la misma cantinela",""
"https://www.google.com/maps/contrib/104697582059494524939/reviews?hl=es","EL COCHE ESCUELA","Local Guide26¬†rese√±as3¬†fotos","¬∑","https://www.google.com/local/review/rap/report?postId=ChdDSUhNMG9nS0VJQ0FnSURkMGFYTjF3RRAB&entityid=ChdDSUhNMG9nS0VJQ0FnSURkMGFYTjF3RRIsChZDSUhNMG9nS0VJQ0FnSURkMGFYTk53EhJDZ3NJaHZqbnJnWVE4UG1DZEEaLQoXQ0lITTBvZ0tFSUNBZ0lEZDBhWE50d0USEkNnc0lodmpucmdZUThQbUNkQSISCQAAAAAAAAAAEcFWBFQZAr1pKhJDZ3NJaHZqbnJnWVE4UG1DZEE&wv=1&d=286732336&gsas=1","Hace 6 meses","Tienes casi de todo alli","¬∑"
"https://www.google.com/maps/contrib/110640221504377652080/reviews?hl=es","Poquet garab","Local Guide87¬†rese√±as57¬†fotos","¬∑","https://www.google.com/local/review/rap/report?postId=ChZDSUhNMG9nS0VJQ0FnSUNhNTRPdFRnEAE&entityid=ChZDSUhNMG9nS0VJQ0FnSUNhNTRPdFRnEi4KF0NJSE0wb2dLRUlDQWdJQ2E1NE90emdFEhNDZ3dJaUpQTWlBWVEwTU9sMUFNGi0KFkNJSE0wb2dLRUlDQWdJQ2E1NE90TGcSE0Nnd0lpSlBNaUFZUTBNT2wxQU0iEgkAAAAAAAAAABHBVgRUGQK9aSoTQ2d3SWlKUE1pQVlRME1PbDFBTQ&wv=1&d=286732336&gsas=1","Hace 3 a√±os","confluyen metro L12, autob√∫s 480,484 y tren C5. Bastante bien","¬∑"
"https://www.google.com/maps/contrib/115277938474608533385/reviews?hl=es","Ronald Moncayo","Local Guide46¬†rese√±as31¬†fotos","¬∑","https://www.google.com/local/review/rap/report?postId=ChZDSUhNMG9nS0VJQ0FnSUQ5emFPamVnEAE&entityid=ChZDSUhNMG9nS0VJQ0FnSUQ5emFPamVnEi4KF0NJSE0wb2dLRUlDQWdJRDl6YU9qLWdFEhNDZ3dJdVBqbnJ3WVE4UEtzeUFFGi0KFkNJSE0wb2dLRUlDQWdJRDl6YU9qQmcSE0Nnd0l1UGpucndZUThQS3N5QUUiEgkAAAAAAAAAABHBVgRUGQK9aSoTQ2d3SXVQam5yd1lROFBLc3lBRQ&wv=1&d=286732336&gsas=1","Hace 6 meses","Excelente","¬∑"
"https://www.google.com/maps/contrib/114486418937749601543/reviews?hl=es","Jose Luis Fraguas Tejero","Local Guide736¬†rese√±as2860¬†fotos","¬∑","https://www.google.com/local/review/rap/report?postId=ChZDSUhNMG9nS0VJQ0FnSUN4emY2YlpBEAE&entityid=ChZDSUhNMG9nS0VJQ0FnSUN4emY2YlpBEi4KF0NJSE0wb2dLRUlDQWdJQ3h6ZjZiNUFFEhNDZ3dJZzZheW93WVEwTUgxaFFJGi0KFkNJSE0wb2dLRUlDQWdJQ3h6ZjZiRkESE0Nnd0lnNmF5b3dZUTBNSDFoUUkiEgkAAAAAAAAAABHBVgRUGQK9aSoTQ2d3SWc2YXlvd1lRME1IMWhRSQ&wv=1&d=286732336&gsas=1","Hace un a√±o","Est√° bien","¬∑"
"https://www.google.com/maps/contrib/113762224285747213751/reviews?hl=es","Pablo Hern√°ndez","5¬†rese√±as","","https://www.google.com/local/review/rap/report?postId=ChdDSUhNMG9nS0VJQ0FnSUNCNnJfQ3lRRRAB&entityid=ChdDSUhNMG9nS0VJQ0FnSUNCNnJfQ3lRRRItChZDSUhNMG9nS0VJQ0FnSUNCNnJfQ0tREhNDZ3dJc0plU25RWVFpTHk3NUFFGi4KF0NJSE0wb2dLRUlDQWdJQ0I2cl9DcVFFEhNDZ3dJc0plU25RWVFpTHk3NUFFIhIJAAAAAAAAAAARwVYEVBkCvWkqE0Nnd0lzSmVTblFZUWlMeTc1QUU&wv=1&d=286732336&gsas=1","Hace un a√±o","Pantallas y tornos rotos, pero los trabajadores de 10",""
"https://www.google.com/maps/contrib/112727207826310663244/reviews?hl=es","Lenuta Severin","9¬†rese√±as","","https://www.google.com/local/review/rap/report?postId=ChZDSUhNMG9nS0VJQ0FnSUNpdW9PdUt3EAE&entityid=ChZDSUhNMG9nS0VJQ0FnSUNpdW9PdUt3Ei4KF0NJSE0wb2dLRUlDQWdJQ2l1b091cXdFEhNDZ3dJcll6dl9BVVE0TDNScXdFGi0KFkNJSE0wb2dLRUlDQWdJQ2l1b091YXcSE0Nnd0kzb3Z2X0FVUThPcmh6UU0iEgkAAAAAAAAAABHBVgRUGQK9aSoTQ2d3SXJZenZfQVVRNEwzUnF3RQ&wv=1&d=286732336&gsas=1","Hace 3 a√±os","No hay manera contactar con la oficina,mala organizacion!üëéMuy lento el personal!",""
"https://www.google.com/maps/contrib/100956906660744737555/reviews?hl=es","Fher","Local Guide98¬†rese√±as175¬†fotos","¬∑","https://www.google.com/local/review/rap/report?postId=ChZDSUhNMG9nS0VJQ0FnSUNnM3ZTWWFnEAE&entityid=ChZDSUhNMG9nS0VJQ0FnSUNnM3ZTWWFnEi0KF0NJSE0wb2dLRUlDQWdJQ2czdlNZNmdFEhJDZ3NJeE1xV3d3VVFnTzZVZUEaLAoWQ0lITTBvZ0tFSUNBZ0lDZzN2U1lHZxISQ2dzSXhNcVd3d1VRZ082VWVBIhIJAAAAAAAAAAARwVYEVBkCvWkqEkNnc0l4TXFXd3dVUWdPNlVlQQ&wv=1&d=286732336&gsas=1","Hace 7 a√±os","Lastima la conexion en metro .te obligan a ir a puerta del sur .","¬∑"
"https://www.google.com/maps/contrib/109424676642852974374/reviews?hl=es","Carlos Cuadrado","Local Guide176¬†rese√±as108¬†fotos","¬∑","https://www.google.com/local/review/rap/report?postId=ChZDSUhNMG9nS0VJQ0FnSURBbk1iaklnEAE&entityid=ChZDSUhNMG9nS0VJQ0FnSURBbk1iaklnEi4KF0NJSE0wb2dLRUlDQWdJREFuTWJqb2dFEhNDZ3dJdXMzY3hBVVF3Sm03cFFFGi0KFkNJSE0wb2dLRUlDQWdJREFuTWJqWWcSE0Nnd0l1czNjeEFVUXdKbTdwUUUiEgkAAAAAAAAAABHBVgRUGQK9aSoTQ2d3SXVzM2N4QVVRd0ptN3BRRQ&wv=1&d=286732336&gsas=1","Hace 7 a√±os","Las pantallas suelen mostrar un tiempo de espera incorrecto.","¬∑"
"https://www.google.com/maps/contrib/103746229105250714131/reviews?hl=es","Maria Janeth Quinto Mosquera","Local Guide207¬†rese√±as216¬†fotos","¬∑","https://www.google.com/local/review/rap/report?postId=ChdDSUhNMG9nS0VJQ0FnSUNacWZMSm1BRRAB&entityid=ChdDSUhNMG9nS0VJQ0FnSUNacWZMSm1BRRItChZDSUhNMG9nS0VJQ0FnSUNacWZMSldBEhNDZ3dJd3U2RnFBWVE4SnkwdmdJGi4KF0NJSE0wb2dLRUlDQWdJQ1pxZkxKMkFFEhNDZ3dJd3U2RnFBWVE4SnkwdmdJIhIJAAAAAAAAAAARwVYEVBkCvWkqE0Nnd0l3dTZGcUFZUThKeTB2Z0k&wv=1&d=286732336&gsas=1","Hace un a√±o","Muy buenas instalaciones üëå","¬∑"
"https://www.google.com/maps/contrib/110052483748080939963/reviews?hl=es","Pilar Francos","Local Guide352¬†rese√±as531¬†fotos","¬∑","https://www.google.com/local/review/rap/report?postId=ChZDSUhNMG9nS0VJQ0FnSURtX0p5YlRBEAE&entityid=ChZDSUhNMG9nS0VJQ0FnSURtX0p5YlRBEi4KF0NJSE0wb2dLRUlDQWdJRG1fSnliekFFEhNDZ3dJZ01hdmp3WVE0T25rX2dJGi0KFkNJSE0wb2dLRUlDQWdJRG1fSnliTEESE0Nnd0lnTWF2andZUTRPbmtfZ0kiEgkAAAAAAAAAABHBVgRUGQK9aSoTQ2d3SWdNYXZqd1lRNE9ua19nSQ&wv=1&d=286732336&gsas=1","Hace 2 a√±os","Grandes zonas verdes","¬∑"
"https://www.google.com/maps/contrib/111969588902244823164/reviews?hl=es","Luz Mary","2¬†rese√±as","","https://www.google.com/local/review/rap/report?postId=ChZDSUhNMG9nS0VJQ0FnSURZM296aEpnEAE&entityid=ChZDSUhNMG9nS0VJQ0FnSURZM296aEpnEi4KF0NJSE0wb2dLRUlDQWdJRFkzb3pocGdFEhNDZ3dJek96bTVnVVFzUHFwM1FFGi0KFkNJSE0wb2dLRUlDQWdJRFkzb3poWmcSE0Nnd0l6T3ptNWdVUXNQcXAzUUUiEgkAAAAAAAAAABHBVgRUGQK9aSoTQ2d3SXpPem01Z1VRc1BxcDNRRQ&wv=1&d=286732336&gsas=1","Hace 5 a√±os","Me gusta",""
"https://www.google.com/maps/contrib/117278367476202017824/reviews?hl=es","Alex R.A","Local Guide234¬†rese√±as64¬†fotos","¬∑","https://www.google.com/local/review/rap/report?postId=ChZDSUhNMG9nS0VJQ0FnSUNCNnVTc0dnEAE&entityid=ChZDSUhNMG9nS0VJQ0FnSUNCNnVTc0dnEi4KF0NJSE0wb2dLRUlDQWdJQ0I2dVNzbWdFEhNDZ3dJaGItUm5RWVEwTHlZN1FFGi0KFkNJSE0wb2dLRUlDQWdJQ0I2dVNzV2cSE0Nnd0loYi1SblFZUTBMeVk3UUUiEgkAAAAAAAAAABHBVgRUGQK9aSoTQ2d3SWhiLVJuUVlRMEx5WTdRRQ&wv=1&d=286732336&gsas=1","Hace un a√±o","Bien","¬∑"
"https://www.google.com/maps/contrib/115215473159826185103/reviews?hl=es","RONALD SANCHEZ","22¬†rese√±as8¬†fotos","¬∑","https://www.google.com/local/review/rap/report?postId=ChdDSUhNMG9nS0VJQ0FnSURwMzVIU2xnRRAB&entityid=ChdDSUhNMG9nS0VJQ0FnSURwMzVIU2xnRRItChdDSUhNMG9nS0VJQ0FnSURwMzVIUzFnRRISQ2dzSTU3akdwd1lReUluOFVBGiwKFkNJSE0wb2dLRUlDQWdJRHAzNUhTTmcSEkNnc0k1N2pHcHdZUXlJbjhVQSISCQAAAAAAAAAAEcFWBFQZAr1pKhJDZ3NJNTdqR3B3WVF5SW44VUE&wv=1&d=286732336&gsas=1","Hace un a√±o","Excelente",""
"https://www.google.com/maps/contrib/114105413158882077138/reviews?hl=es","Daniel De Mart√≠n de Rodr√≠guez","Local Guide69¬†rese√±as","¬∑","https://www.google.com/local/review/rap/report?postId=ChdDSUhNMG9nS0VJQ0FnSUNSN09YUzhRRRAB&entityid=ChdDSUhNMG9nS0VJQ0FnSUNSN09YUzhRRRIsChZDSUhNMG9nS0VJQ0FnSUNSN09YU0NREhJDZ3NJdXYyRm9RWVF1SldDUlEaLQoXQ0lITTBvZ0tFSUNBZ0lDUjdPWFNpUUUSEkNnc0l1djJGb1FZUXVKV0NSUSISCQAAAAAAAAAAEcFWBFQZAr1pKhJDZ3NJdXYyRm9RWVF1SldDUlE&wv=1&d=286732336&gsas=1","Hace un a√±o","Estaci√≥n normal.",""
"https://www.google.com/maps/contrib/103638138482133106060/reviews?hl=es","Jesus Rincon","Local Guide1.513¬†rese√±as4470¬†fotos","¬∑","https://www.google.com/local/review/rap/report?postId=ChZDSUhNMG9nS0VJQ0FnSUR1aHBIQU5BEAE&entityid=ChZDSUhNMG9nS0VJQ0FnSUR1aHBIQU5BEi4KF0NJSE0wb2dLRUlDQWdJRHVocEhBdEFFEhNDZ3dJMjduOWx3WVFvTm1PM2dJGi0KFkNJSE0wb2dLRUlDQWdJRHVocEhBZEESE0Nnd0kyN245bHdZUW9ObU8zZ0kiEgkAAAAAAAAAABHBVgRUGQK9aSoTQ2d3STI3bjlsd1lRb05tTzNnSQ&wv=1&d=286732336&gsas=1","Hace 2 a√±os","Amplia y limpia.","¬∑"
"https://www.google.com/maps/contrib/113751744876337168729/reviews?hl=es","Ra√∫l PM","Local Guide617¬†rese√±as22¬†fotos","¬∑","https://www.google.com/local/review/rap/report?postId=ChdDSUhNMG9nS0VJQ0FnSURnMnRPUGtRRRAB&entityid=ChdDSUhNMG9nS0VJQ0FnSURnMnRPUGtRRRItChZDSUhNMG9nS0VJQ0FnSURnMnRPUFVREhNDZ3dJMHY3NHNnVVF3T3pxbEFNGi4KF0NJSE0wb2dLRUlDQWdJRGcydE9QMFFFEhNDZ3dJMHY3NHNnVVF3T3pxbEFNIhIJAAAAAAAAAAARwVYEVBkCvWkqE0Nnd0kwdjc0c2dVUXdPenFsQU0&wv=1&d=286732336&gsas=1","Hace 8 a√±os","Una m√°s.","¬∑"
"https://www.google.com/maps/contrib/103737686842324064828/reviews?hl=es","Jos√© Francisco Reina Barbero","Local Guide131¬†rese√±as14¬†fotos","¬∑","https://www.google.com/local/review/rap/report?postId=ChZDSUhNMG9nS0VJQ0FnSUMwdl92NllREAE&entityid=ChZDSUhNMG9nS0VJQ0FnSUMwdl92NllREi4KF0NJSE0wb2dLRUlDQWdJQzB2X3ZHaHdFEhNDZ3dJaXRLZDdRVVFvT3phaUFNGi0KFkNJSE0wb2dLRUlDQWdJQzB2X3ZHUncSE0Nnd0lpdEtkN1FVUW9PemFpQU0iEgkAAAAAAAAAABHBVgRUGQK9aSoTQ2d3SWl0S2Q3UVVRb096YWlBTQ&wv=1&d=286732336&gsas=1","Hace 4 a√±os","Mal cuidado y sucio","¬∑"
"https://www.google.com/maps/contrib/118143119687640109446/reviews?hl=es","Daniel J.","2¬†rese√±as","","https://www.google.com/local/review/rap/report?postId=ChZDSUhNMG9nS0VJQ0FnSUNBOGMta0t3EAE&entityid=ChZDSUhNMG9nS0VJQ0FnSUNBOGMta0t3Ei4KF0NJSE0wb2dLRUlDQWdJQ0E4Yy1rcXdFEhNDZ3dJOGJ2ZjBnVVFnS1BNd1FFGi0KFkNJSE0wb2dLRUlDQWdJQ0E4Yy1rYXcSE0Nnd0k4YnZmMGdVUWdLUE13UUUiEgkAAAAAAAAAABHBVgRUGQK9aSoTQ2d3SThidmYwZ1VRZ0tQTXdRRQ&wv=1&d=286732336&gsas=1","Hace 6 a√±os","Mejor que Getafe",""
"https://www.google.com/maps/contrib/115440969686305374646/reviews?hl=es","Yonel Brett","Local Guide88¬†rese√±as188¬†fotos","¬∑","https://www.google.com/local/review/rap/report?postId=ChdDSUhNMG9nS0VJQ0FnSUQ4MVozVXZBRRAB&entityid=ChdDSUhNMG9nS0VJQ0FnSUQ4MVozVXZBRRItChZDSUhNMG9nS0VJQ0FnSUQ4MVozVWZBEhNDZ3dJaUxubi1BVVFzUENqN2dFGi4KF0NJSE0wb2dLRUlDQWdJRDgxWjNVX0FFEhNDZ3dJaUxubi1BVVFzUENqN2dFIhIJAAAAAAAAAAARwVYEVBkCvWkqE0Nnd0lpTG5uLUFVUXNQQ2o3Z0U&wv=1&d=286732336&gsas=1","Hace 4 a√±os","Excelente lugar","¬∑"
"https://www.google.com/maps/contrib/112908729871270604452/reviews?hl=es","fe sangon","1¬†rese√±a","","https://www.google.com/local/review/rap/report?postId=ChZDSUhNMG9nS0VJQ0FnSUNnN2Q2Q2FBEAE&entityid=ChZDSUhNMG9nS0VJQ0FnSUNnN2Q2Q2FBEi4KF0NJSE0wb2dLRUlDQWdJQ2c3ZDZDNkFFEhNDZ3dJbDh6aHFnVVFnS25YalFNGi0KFkNJSE0wb2dLRUlDQWdJQ2c3ZDZDR0ESE0Nnd0lsOHpocWdVUWdLblhqUU0iEgkAAAAAAAAAABHBVgRUGQK9aSoTQ2d3SWw4emhxZ1VRZ0tuWGpRTQ&wv=1&d=286732336&gsas=1","Hace 9 a√±os","Madrid",""
"https://www.google.com/maps/contrib/100755191322705507919/reviews?hl=es","Cesar A. T.","Local Guide198¬†rese√±as878¬†fotos","¬∑","https://www.google.com/local/review/rap/report?postId=ChdDSUhNMG9nS0VJQ0FnSUNHMEt6SnhnRRAB&entityid=ChdDSUhNMG9nS0VJQ0FnSUNHMEt6SnhnRRItChZDSUhNMG9nS0VJQ0FnSUNHMEt6SkpnEhNDZ3dJdmVpeGl3WVF5S2pLOWdFGi4KF0NJSE0wb2dLRUlDQWdJQ0cwS3pKcGdFEhNDZ3dJdmVpeGl3WVF5S2pLOWdFIhIJAAAAAAAAAAARwVYEVBkCvWkqE0Nnd0l2ZWl4aXdZUXlLaks5Z0U&wv=1&d=286732336&gsas=1","Hace 2 a√±os","Hay","¬∑"
"https://www.google.com/maps/contrib/116772878362788191868/reviews?hl=es","Kai Mar","Local Guide664¬†rese√±as2127¬†fotos","¬∑","https://www.google.com/local/review/rap/report?postId=ChdDSUhNMG9nS0VJQ0FnSURMLXJlMGtRRRAB&entityid=ChdDSUhNMG9nS0VJQ0FnSURMLXJlMGtRRRItChZDSUhNMG9nS0VJQ0FnSURMLXJlMFVREhNDZ3dJd0xmMHN3WVEyT20tc3dJGi4KF0NJSE0wb2dLRUlDQWdJREwtcmUwMFFFEhNDZ3dJd0xmMHN3WVEyT20tc3dJIhIJAAAAAAAAAAARwVYEVBkCvWkqE0Nnd0l3TGYwc3dZUTJPbS1zd0k&wv=1&d=286732336&gsas=1","Hace 2 meses","Unkomplizierte Verbindung nach Madrid (zur Atocha Station mit der C5). Tickets k√∂nnen direkt im Eingangsbereich gekauft werden. Eine Fahrt f√ºr Erwachsene kostet 2,35‚Ç¨, was voll in Ordnung ist. Die Fahrt dauert etwa 20min und es kommen sehr regelm√§√üig Z√ºge.","¬∑"
"https://www.google.com/maps/contrib/116690486983665984791/reviews?hl=es","Emma McCallion","Local Guide12¬†rese√±as","¬∑","https://www.google.com/local/review/rap/report?postId=ChZDSUhNMG9nS0VJQ0FnSUR4amUtakZREAE&entityid=ChZDSUhNMG9nS0VJQ0FnSUR4amUtakZREi4KF0NJSE0wb2dLRUlDQWdJRHhqZS1qbFFFEhNDZ3dJcGRlZ3BBWVF3SVRSb0FFGi0KFkNJSE0wb2dLRUlDQWdJRHhqZS1qVlESE0Nnd0lwZGVncEFZUXdJVFJvQUUiEgkAAAAAAAAAABHBVgRUGQK9aSoTQ2d3SXBkZWdwQVlRd0lUUm9BRQ&wv=1&d=286732336&gsas=1","Hace un a√±o","Clean station and easy to get around! Helpful staff around.",""
"https://www.google.com/maps/contrib/117879653680804719359/reviews?hl=es","Enrico Sorrentino","Local Guide544¬†rese√±as2786¬†fotos","¬∑","https://www.google.com/local/review/rap/report?postId=ChdDSUhNMG9nS0VJQ0FnSURnbDluUWp3RRAB&entityid=ChdDSUhNMG9nS0VJQ0FnSURnbDluUWp3RRItChZDSUhNMG9nS0VJQ0FnSURnbDluUVR3EhNDZ3dJdl82bXpBVVF3UDdlbGdNGi4KF0NJSE0wb2dLRUlDQWdJRGdsOW5RendFEhNDZ3dJdl82bXpBVVF3UDdlbGdNIhIJAAAAAAAAAAARwVYEVBkCvWkqE0Nnd0l2XzZtekFVUXdQN2VsZ00&wv=1&d=286732336&gsas=1","Hace 7 a√±os","Stazione ordinata e pulita,  ma nessuno √® perfetto !","¬∑"
"https://www.google.com/maps/contrib/108830842687269746456/reviews?hl=es","ANGEL MENA BELTRAN","Local Guide17¬†rese√±as","¬∑","https://www.google.com/local/review/rap/report?postId=ChZDSUhNMG9nS0VJQ0FnSURoZ3FEOExREAE&entityid=ChZDSUhNMG9nS0VJQ0FnSURoZ3FEOExREi4KF0NJSE0wb2dLRUlDQWdJRGhncUQ4clFFEhNDZ3dJbi1pTW9BWVE2SWlGbEFJGi0KFkNJSE0wb2dLRUlDQWdJRGhncUQ4YlESE0Nnd0luLWlNb0FZUTZJaUZsQUkiEgkAAAAAAAAAABHBVgRUGQK9aSoTQ2d3SW4taU1vQVlRNklpRmxBSQ&wv=1&d=286732336&gsas=1","Hace un a√±o","Normal como otra estacion",""
"https://www.google.com/maps/contrib/113704444314441512381/reviews?hl=es","Nor Fadzleen binti Sa'don","7¬†rese√±as","","https://www.google.com/local/review/rap/report?postId=ChZDSUhNMG9nS0VJQ0FnSUNndk9HS0pREAE&entityid=ChZDSUhNMG9nS0VJQ0FnSUNndk9HS0pREi4KF0NJSE0wb2dLRUlDQWdJQ2d2T0dLcFFFEhNDZ3dJb2ZXV3l3VVF3THZpcWdNGi0KFkNJSE0wb2dLRUlDQWdJQ2d2T0dLWlESE0Nnd0lvZldXeXdVUXdMdmlxZ00iEgkAAAAAAAAAABHBVgRUGQK9aSoTQ2d3SW9mV1d5d1VRd0x2aXFnTQ&wv=1&d=286732336&gsas=1","Hace 7 a√±os","Very helpful staff. Traveling is convenient.",""
"https://www.google.com/maps/contrib/114863689778078602892/reviews?hl=es","Mar Blazquez","Local Guide1.080¬†rese√±as2309¬†fotos","¬∑","https://www.google.com/local/review/rap/report?postId=ChZDSUhNMG9nS0VJQ0FnSUM1a2ZlVmFBEAE&entityid=ChZDSUhNMG9nS0VJQ0FnSUM1a2ZlVmFBEi4KF0NJSE0wb2dLRUlDQWdJQzVrZmVWNkFFEhNDZ3dJaDRLc3FRWVE0TzZyemdFGi0KFkNJSE0wb2dLRUlDQWdJQzVrZmVWR0ESE0Nnd0loNEtzcVFZUTRPNnJ6Z0UiEgkAAAAAAAAAABHBVgRUGQK9aSoTQ2d3SWg0S3NxUVlRNE82cnpnRQ&wv=1&d=286732336&gsas=1","Hace 11 meses","Birm6","¬∑"
"https://www.google.com/maps/contrib/104485497512489852183/reviews?hl=es","Isidoro Toribio","Local Guide262¬†rese√±as1106¬†fotos","¬∑","https://www.google.com/local/review/rap/report?postId=ChZDSUhNMG9nS0VJQ0FnSURnLWViUkt3EAE&entityid=ChZDSUhNMG9nS0VJQ0FnSURnLWViUkt3Gi0KF0NJSE0wb2dLRUlDQWdJRGctZWJScXdFEhJDZ3NJbDZtRzJBVVF3S19NRWciEgkAAAAAAAAAABHBVgRUGQK9aSoSQ2dzSWw2bUcyQVVRd0tfTUVn&wv=1&d=286732336&gsas=1","Hace 6 a√±os","","¬∑"
"https://www.google.com/maps/contrib/100869790124218620622/reviews?hl=es","ivaylo giorev","Local Guide541¬†rese√±as200¬†fotos","¬∑","https://www.google.com/local/review/rap/report?postId=ChdDSUhNMG9nS0VJQ0FnSUNaanVPMjlRRRAB&entityid=ChdDSUhNMG9nS0VJQ0FnSUNaanVPMjlRRRItChZDSUhNMG9nS0VJQ0FnSUNaanVPMkRREhNDZ3dJeDZQM3B3WVF3S0s4OUFJGi4KF0NJSE0wb2dLRUlDQWdJQ1pqdU8yalFFEhNDZ3dJeDZQM3B3WVF3S0s4OUFJIhIJAAAAAAAAAAARwVYEVBkCvWkqE0Nnd0l4NlAzcHdZUXdLSzg5QUk&wv=1&d=286732336&gsas=1","Hace un a√±o","–£–¥–æ–±–Ω–∞ –≥–∞—Ä–∞","¬∑"
"https://www.google.com/maps/contrib/107852917286563906629/reviews?hl=es","otman andaloussi shop","Local Guide107¬†rese√±as538¬†fotos","¬∑","https://www.google.com/local/review/rap/report?postId=ChZDSUhNMG9nS0VJQ0FnSUNxNzh2Vkp3EAE&entityid=ChZDSUhNMG9nS0VJQ0FnSUNxNzh2Vkp3Ei4KF0NJSE0wb2dLRUlDQWdJQ3E3OHZWcHdFEhNDZ3dJeExETmhnWVE4TlRWamdNGi0KFkNJSE0wb2dLRUlDQWdJQ3E3OHZWWncSE0Nnd0l4TEROaGdZUThOVFZqZ00iEgkAAAAAAAAAABHBVgRUGQK9aSoTQ2d3SXhMRE5oZ1lROE5UVmpnTQ&wv=1&d=286732336&gsas=1","Hace 3 a√±os","ŸÖŸÖÿ™ÿßÿ≤","¬∑"
"https://www.google.com/maps/contrib/118216219677223457072/reviews?hl=es","MARCOS Sanagustin","249¬†rese√±as","","https://www.google.com/local/review/rap/report?postId=ChZDSUhNMG9nS0VJQ0FnSURnbk1qT2RnEAE&entityid=ChZDSUhNMG9nS0VJQ0FnSURnbk1qT2RnEi0KF0NJSE0wb2dLRUlDQWdJRGduTWpPOWdFEhJDZ3NJcklHU3hRVVFnSXZXYlEaLAoWQ0lITTBvZ0tFSUNBZ0lEZ25Nak9EZxISQ2dzSXJJR1N4UVVRZ0l2V2JRIhIJAAAAAAAAAAARwVYEVBkCvWkqEkNnc0lySUdTeFFVUWdJdldiUQ&wv=1&d=286732336&gsas=1","Hace 7 a√±os","LAGANESCENTRAL",""
"https://www.google.com/maps/contrib/111703923111539304650/reviews?hl=es","Javier Torres","Local Guide5¬†rese√±as","¬∑","https://www.google.com/local/review/rap/report?postId=ChZDSUhNMG9nS0VJQ0FnSURILS1QalVBEAE&entityid=ChZDSUhNMG9nS0VJQ0FnSURILS1QalVBGi4KF0NJSE0wb2dLRUlDQWdJREgtLVBqMEFFEhNDZ3dJMjZLMXR3WVFxS20zMXdNIhIJAAAAAAAAAAARwVYEVBkCvWkqE0Nnd0kyNksxdHdZUXFLbTMxd00&wv=1&d=286732336&gsas=1","hace 2¬†d√≠as","",""
"https://www.google.com/maps/contrib/106570255312319009114/reviews?hl=es","H√®ctor Garcia","10¬†rese√±as","","https://www.google.com/local/review/rap/report?postId=ChdDSUhNMG9nS0VJQ0FnSUNIejVpNTBnRRAB&entityid=ChdDSUhNMG9nS0VJQ0FnSUNIejVpNTBnRRosChZDSUhNMG9nS0VJQ0FnSUNIejVpNU1nEhJDZ3NJeV83X3RnWVF5S3ViTlEiEgkAAAAAAAAAABHBVgRUGQK9aSoSQ2dzSXlfN190Z1lReUt1Yk5R&wv=1&d=286732336&gsas=1","Hace una semana","",""
"https://www.google.com/maps/contrib/108960917371318206719/reviews?hl=es","Almel√≠ Bandry Osechas","Local Guide8¬†rese√±as3¬†fotos","¬∑","https://www.google.com/local/review/rap/report?postId=ChZDSUhNMG9nS0VJQ0FnSURyOHBPWmN3EAE&entityid=ChZDSUhNMG9nS0VJQ0FnSURyOHBPWmN3Gi4KF0NJSE0wb2dLRUlDQWdJRHI4cE9aOHdFEhNDZ3dJOVpuYXRBWVFvTGFMMVFJIhIJAAAAAAAAAAARwVYEVBkCvWkqE0Nnd0k5Wm5hdEFZUW9MYUwxUUk&wv=1&d=286732336&gsas=1","Hace 2 meses","","¬∑"
"https://www.google.com/maps/contrib/114940221842654797100/reviews?hl=es","Santander Conexus Idiomas","Local Guide36¬†rese√±as950¬†fotos","¬∑","https://www.google.com/local/review/rap/report?postId=ChdDSUhNMG9nS0VJQ0FnSUNMelAycDZRRRAB&entityid=ChdDSUhNMG9nS0VJQ0FnSUNMelAycDZRRRotChZDSUhNMG9nS0VJQ0FnSUNMelAycEdREhNDZ3dJeV9xNXN3WVEwTGZqbHdNIhIJAAAAAAAAAAARwVYEVBkCvWkqE0Nnd0l5X3E1c3dZUTBMZmpsd00&wv=1&d=286732336&gsas=1","Hace 3 meses","","¬∑"
"https://www.google.com/maps/contrib/109274799542350129354/reviews?hl=es","Pedro Atienza Mart√≠n","Local Guide54¬†rese√±as6¬†fotos","¬∑","https://www.google.com/local/review/rap/report?postId=ChZDSUhNMG9nS0VJQ0FnSUNqd1p1UmF3EAE&entityid=ChZDSUhNMG9nS0VJQ0FnSUNqd1p1UmF3Gi4KF0NJSE0wb2dLRUlDQWdJQ2p3WnVSNndFEhNDZ3dJMmRLWnNRWVE4TUtUcGdNIhIJAAAAAAAAAAARwVYEVBkCvWkqE0Nnd0kyZEtac1FZUThNS1RwZ00&wv=1&d=286732336&gsas=1","Hace 4 meses","","¬∑"
"https://www.google.com/maps/contrib/110279617552363284869/reviews?hl=es","Libia Mora Aray","Local Guide46¬†rese√±as19¬†fotos","¬∑","https://www.google.com/local/review/rap/report?postId=ChdDSUhNMG9nS0VJQ0FnSURkeTUtcndBRRAB&entityid=ChdDSUhNMG9nS0VJQ0FnSURkeTUtcndBRRotChZDSUhNMG9nS0VJQ0FnSURkeTUtcklBEhNDZ3dJbDd6MnJnWVFnTlRzb0FJIhIJAAAAAAAAAAARwVYEVBkCvWkqE0Nnd0lsN3oycmdZUWdOVHNvQUk&wv=1&d=286732336&gsas=1","Hace 6 meses","","¬∑"
"https://www.google.com/maps/contrib/115239428171591674626/reviews?hl=es","Alejandro Palomo","Local Guide12¬†rese√±as1¬†foto","¬∑","https://www.google.com/local/review/rap/report?postId=ChZDSUhNMG9nS0VJQ0FnSURkOHFlWUZ3EAE&entityid=ChZDSUhNMG9nS0VJQ0FnSURkOHFlWUZ3Gi4KF0NJSE0wb2dLRUlDQWdJRGQ4cWVZbHdFEhNDZ3dJZy16Y3JnWVE2SkxYd0FFIhIJAAAAAAAAAAARwVYEVBkCvWkqE0Nnd0lnLXpjcmdZUTZKTFh3QUU&wv=1&d=286732336&gsas=1","Hace 7 meses","","¬∑"
"https://www.google.com/maps/contrib/105589274076717529917/reviews?hl=es","ANDREW BATLLE","Local Guide133¬†rese√±as15¬†fotos","¬∑","https://www.google.com/local/review/rap/report?postId=ChZDSUhNMG9nS0VJQ0FnSUROX3BUT1pnEAE&entityid=ChZDSUhNMG9nS0VJQ0FnSUROX3BUT1pnGi4KF0NJSE0wb2dLRUlDQWdJRE5fcFRPNWdFEhNDZ3dJbU1TN3JRWVEwS2pKemdJIhIJAAAAAAAAAAARwVYEVBkCvWkqE0Nnd0ltTVM3clFZUTBLakp6Z0k&wv=1&d=286732336&gsas=1","Hace 7 meses","","¬∑"
"https://www.google.com/maps/contrib/108325078786825789988/reviews?hl=es","Noelia Torres","Local Guide50¬†rese√±as3¬†fotos","¬∑","https://www.google.com/local/review/rap/report?postId=ChZDSUhNMG9nS0VJQ0FnSUROb0xyN0tnEAE&entityid=ChZDSUhNMG9nS0VJQ0FnSUROb0xyN0tnGi4KF0NJSE0wb2dLRUlDQWdJRE5vTHI3cWdFEhNDZ3dJNlk2cnJRWVE2SkQteVFNIhIJAAAAAAAAAAARwVYEVBkCvWkqE0Nnd0k2WTZyclFZUTZKRC15UU0&wv=1&d=286732336&gsas=1","Hace 8 meses","","¬∑"
"https://www.google.com/maps/contrib/107633854684431815233/reviews?hl=es","Rub√©n Serrano Tejera","Local Guide39¬†rese√±as98¬†fotos","¬∑","https://www.google.com/local/review/rap/report?postId=ChZDSUhNMG9nS0VJQ0FnSUNsamMtQk1nEAE&entityid=ChZDSUhNMG9nS0VJQ0FnSUNsamMtQk1nGi4KF0NJSE0wb2dLRUlDQWdJQ2xqYy1Cc2dFEhNDZ3dJbU95QXF3WVEwTXFXOXdJIhIJAAAAAAAAAAARwVYEVBkCvWkqE0Nnd0ltT3lBcXdZUTBNcVc5d0k&wv=1&d=286732336&gsas=1","Hace 9 meses","","¬∑"
"https://www.google.com/maps/contrib/111032054005250482403/reviews?hl=es","Musa Musa","Local Guide17¬†rese√±as","¬∑","https://www.google.com/local/review/rap/report?postId=ChdDSUhNMG9nS0VJQ0FnSUNsdXBtOXpnRRAB&entityid=ChdDSUhNMG9nS0VJQ0FnSUNsdXBtOXpnRRotChZDSUhNMG9nS0VJQ0FnSUNsdXBtOUxnEhNDZ3dJbWIzWnFnWVE0STdZbWdNIhIJAAAAAAAAAAARwVYEVBkCvWkqE0Nnd0ltYjNacWdZUTRJN1ltZ00&wv=1&d=286732336&gsas=1","Hace 10 meses","",""
"https://www.google.com/maps/contrib/117743220946019209826/reviews?hl=es","Claire Marlaz","Local Guide135¬†rese√±as","¬∑","https://www.google.com/local/review/rap/report?postId=ChdDSUhNMG9nS0VJQ0FnSURGbGRheDBRRRAB&entityid=ChdDSUhNMG9nS0VJQ0FnSURGbGRheDBRRRotChZDSUhNMG9nS0VJQ0FnSURGbGRheE1REhNDZ3dJNS1XdnFnWVF3T0x5elFJIhIJAAAAAAAAAAARwVYEVBkCvWkqE0Nnd0k1LVd2cWdZUXdPTHl6UUk&wv=1&d=286732336&gsas=1","Hace 10 meses","",""
"https://www.google.com/maps/contrib/100422003389215683121/reviews?hl=es","Ronny Mendez","14¬†rese√±as52¬†fotos","¬∑","https://www.google.com/local/review/rap/report?postId=ChZDSUhNMG9nS0VJQ0FnSURGNGFMQkdREAE&entityid=ChZDSUhNMG9nS0VJQ0FnSURGNGFMQkdRGi4KF0NJSE0wb2dLRUlDQWdJREY0YUxCbVFFEhNDZ3dJenVLcXFnWVFvTDY5LXdJIhIJAAAAAAAAAAARwVYEVBkCvWkqE0Nnd0l6dUtxcWdZUW9MNjktd0k&wv=1&d=286732336&gsas=1","Hace 10 meses","",""
"https://www.google.com/maps/contrib/111198365759416604552/reviews?hl=es","DAVID FR","Local Guide127¬†rese√±as2399¬†fotos","¬∑","https://www.google.com/local/review/rap/report?postId=ChZDSUhNMG9nS0VJQ0FnSUM1bHRyaFVREAE&entityid=ChZDSUhNMG9nS0VJQ0FnSUM1bHRyaFVRGi4KF0NJSE0wb2dLRUlDQWdJQzVsdHJoMFFFEhNDZ3dJdXNXanFRWVE4SVN2N3dFIhIJAAAAAAAAAAARwVYEVBkCvWkqE0Nnd0l1c1dqcVFZUThJU3Y3d0U&wv=1&d=286732336&gsas=1","Hace 11 meses","","¬∑"
"https://www.google.com/maps/contrib/114400336564747225763/reviews?hl=es","Cesar Arana","8¬†rese√±as","","https://www.google.com/local/review/rap/report?postId=ChdDSUhNMG9nS0VJQ0FnSURac09DdDdBRRAB&entityid=ChdDSUhNMG9nS0VJQ0FnSURac09DdDdBRRotChZDSUhNMG9nS0VJQ0FnSURac09DdEhBEhNDZ3dJZ0pHM3FBWVFxTW1hN2dJIhIJAAAAAAAAAAARwVYEVBkCvWkqE0Nnd0lnSkczcUFZUXFNbWE3Z0k&wv=1&d=286732336&gsas=1","Hace 11 meses","",""
"https://www.google.com/maps/contrib/115839484480245531319/reviews?hl=es","Ana Maria","Local Guide41¬†rese√±as9¬†fotos","¬∑","https://www.google.com/local/review/rap/report?postId=ChdDSUhNMG9nS0VJQ0FnSUNaMjYyYnRBRRAB&entityid=ChdDSUhNMG9nS0VJQ0FnSUNaMjYyYnRBRRotChZDSUhNMG9nS0VJQ0FnSUNaMjYyYmRBEhNDZ3dJX1BlaXFBWVFpTV9qbWdJIhIJAAAAAAAAAAARwVYEVBkCvWkqE0Nnd0lfUGVpcUFZUWlNX2ptZ0k&wv=1&d=286732336&gsas=1","Hace un a√±o","","¬∑"
"https://www.google.com/maps/contrib/108618454166868783389/reviews?hl=es","Rocio Paez","Local Guide25¬†rese√±as2¬†fotos","¬∑","https://www.google.com/local/review/rap/report?postId=ChdDSUhNMG9nS0VJQ0FnSURwazVXbTF3RRAB&entityid=ChdDSUhNMG9nS0VJQ0FnSURwazVXbTF3RRouChdDSUhNMG9nS0VJQ0FnSURwazVXbXR3RRITQ2d3SWlybXlwd1lRa1BPRmpRTSISCQAAAAAAAAAAEcFWBFQZAr1pKhNDZ3dJaXJteXB3WVFrUE9GalFN&wv=1&d=286732336&gsas=1","Hace un a√±o","","¬∑"
"https://www.google.com/maps/contrib/115564093121281644024/reviews?hl=es","Chakir Doukali","Local Guide9¬†rese√±as45¬†fotos","¬∑","https://www.google.com/local/review/rap/report?postId=ChZDSUhNMG9nS0VJQ0FnSURKcXFDbk9REAE&entityid=ChZDSUhNMG9nS0VJQ0FnSURKcXFDbk9RGi4KF0NJSE0wb2dLRUlDQWdJREpxcUNudVFFEhNDZ3dJN3JER3BRWVE4TVBlZ2dJIhIJAAAAAAAAAAARwVYEVBkCvWkqE0Nnd0k3ckRHcFFZUThNUGVnZ0k&wv=1&d=286732336&gsas=1","Hace un a√±o","","¬∑"
"https://www.google.com/maps/contrib/111299120687465098235/reviews?hl=es","Er Pepe","Local Guide86¬†rese√±as173¬†fotos","¬∑","https://www.google.com/local/review/rap/report?postId=ChdDSUhNMG9nS0VJQ0FnSURKa3FqQXRRRRAB&entityid=ChdDSUhNMG9nS0VJQ0FnSURKa3FqQXRRRRotChZDSUhNMG9nS0VJQ0FnSURKa3FqQWRREhNDZ3dJMmJ6QnBRWVE4TFd4MVFNIhIJAAAAAAAAAAARwVYEVBkCvWkqE0Nnd0kyYnpCcFFZUThMV3gxUU0&wv=1&d=286732336&gsas=1","Hace un a√±o","","¬∑"
"https://www.google.com/maps/contrib/105272579451631398444/reviews?hl=es","MILA MARCOS","Local Guide186¬†rese√±as2663¬†fotos","¬∑","https://www.google.com/local/review/rap/report?postId=ChdDSUhNMG9nS0VJQ0FnSUNKenRfSHZnRRAB&entityid=ChdDSUhNMG9nS0VJQ0FnSUNKenRfSHZnRRotChZDSUhNMG9nS0VJQ0FnSUNKenRfSGZnEhNDZ3dJbHJIcnBBWVEwTmU3aUFJIhIJAAAAAAAAAAARwVYEVBkCvWkqE0Nnd0lsckhycEFZUTBOZTdpQUk&wv=1&d=286732336&gsas=1","Hace un a√±o","","¬∑"
"https://www.google.com/maps/contrib/103831003675076263445/reviews?hl=es","Miguel √Ångel Alberca Ram√≠rez","Local Guide147¬†rese√±as37¬†fotos","¬∑","https://www.google.com/local/review/rap/report?postId=ChZDSUhNMG9nS0VJQ0FnSUR4bnYzcklBEAE&entityid=ChZDSUhNMG9nS0VJQ0FnSUR4bnYzcklBGi0KF0NJSE0wb2dLRUlDQWdJRHhudjNyb0FFEhJDZ3NJdXVHSXBBWVF1UERRRXciEgkAAAAAAAAAABHBVgRUGQK9aSoSQ2dzSXV1R0lwQVlRdVBEUUV3&wv=1&d=286732336&gsas=1","Hace un a√±o","","¬∑"
"https://www.google.com/maps/contrib/106426041821640183345/reviews?hl=es","Ikpom Idahosa","Local Guide65¬†rese√±as30¬†fotos","¬∑","https://www.google.com/local/review/rap/report?postId=ChZDSUhNMG9nS0VJQ0FnSUN4aDRQRUt3EAE&entityid=ChZDSUhNMG9nS0VJQ0FnSUN4aDRQRUt3Gi4KF0NJSE0wb2dLRUlDQWdJQ3hoNFBFcXdFEhNDZ3dJenZqSG93WVE2TEM0eEFJIhIJAAAAAAAAAAARwVYEVBkCvWkqE0Nnd0l6dmpIb3dZUTZMQzR4QUk&wv=1&d=286732336&gsas=1","Hace un a√±o","","¬∑"
"https://www.google.com/maps/contrib/115545293133637107614/reviews?hl=es","SANDRA Hernanz","Local Guide426¬†rese√±as3352¬†fotos","¬∑","https://www.google.com/local/review/rap/report?postId=ChdDSUhNMG9nS0VJQ0FnSURobjlmZnp3RRAB&entityid=ChdDSUhNMG9nS0VJQ0FnSURobjlmZnp3RRotChZDSUhNMG9nS0VJQ0FnSURobjlmZkx3EhNDZ3dJaDlEbW9BWVE4S3ZOc1FNIhIJAAAAAAAAAAARwVYEVBkCvWkqE0Nnd0loOURtb0FZUThLdk5zUU0&wv=1&d=286732336&gsas=1","Hace un a√±o","","¬∑"
"https://www.google.com/maps/contrib/113779877178244823453/reviews?hl=es","Karla sofia Cerquera G√≥mez","1¬†rese√±a","","https://www.google.com/local/review/rap/report?postId=ChZDSUhNMG9nS0VJQ0FnSUNocmFyZ1p3EAE&entityid=ChZDSUhNMG9nS0VJQ0FnSUNocmFyZ1p3Gi4KF0NJSE0wb2dLRUlDQWdJQ2hyYXJnNXdFEhNDZ3dJbUtfSW53WVF5T0tibmdFIhIJAAAAAAAAAAARwVYEVBkCvWkqE0Nnd0ltS19JbndZUXlPS2JuZ0U&wv=1&d=286732336&gsas=1","Hace un a√±o","",""
"https://www.google.com/maps/contrib/110321989066343946929/reviews?hl=es","Roberto","Local Guide270¬†rese√±as400¬†fotos","¬∑","https://www.google.com/local/review/rap/report?postId=ChZDSUhNMG9nS0VJQ0FnSUNCaDZiSUt3EAE&entityid=ChZDSUhNMG9nS0VJQ0FnSUNCaDZiSUt3Gi4KF0NJSE0wb2dLRUlDQWdJQ0JoNmJJcXdFEhNDZ3dJcmVYY25RWVFzS0NHeVFFIhIJAAAAAAAAAAARwVYEVBkCvWkqE0Nnd0lyZVhjblFZUXNLQ0d5UUU&wv=1&d=286732336&gsas=1","Hace un a√±o","","¬∑"
"https://www.google.com/maps/contrib/117794659696748220683/reviews?hl=es","ÊØõÈõÑ‰ºü","","","https://www.google.com/local/review/rap/report?postId=ChZDSUhNMG9nS0VJQ0FnSUNCOEpIWmJREAE&entityid=ChZDSUhNMG9nS0VJQ0FnSUNCOEpIWmJRGi4KF0NJSE0wb2dLRUlDQWdJQ0I4SkhaN1FFEhNDZ3dJXzVic25BWVF5TnE5MHdNIhIJAAAAAAAAAAARwVYEVBkCvWkqE0Nnd0lfNWJzbkFZUXlOcTkwd00&wv=1&d=286732336&gsas=1","Hace un a√±o","",""
"https://www.google.com/maps/contrib/102717878861461159160/reviews?hl=es","Alejandro Tenorio Roca","Local Guide89¬†rese√±as103¬†fotos","¬∑","https://www.google.com/local/review/rap/report?postId=ChZDSUhNMG9nS0VJQ0FnSUQteDZ1Q1l3EAE&entityid=ChZDSUhNMG9nS0VJQ0FnSUQteDZ1Q1l3Gi0KF0NJSE0wb2dLRUlDQWdJRC14NnVDNHdFEhJDZ3NJX0w3V25BWVFpSXVyVmciEgkAAAAAAAAAABHBVgRUGQK9aSoSQ2dzSV9MN1duQVlRaUl1clZn&wv=1&d=286732336&gsas=1","Hace un a√±o","","¬∑"
"https://www.google.com/maps/contrib/100847010157663373955/reviews?hl=es","Enrique Calvo","Local Guide42¬†rese√±as128¬†fotos","¬∑","https://www.google.com/local/review/rap/report?postId=ChZDSUhNMG9nS0VJQ0FnSUMtNTZtQ1R3EAE&entityid=ChZDSUhNMG9nS0VJQ0FnSUMtNTZtQ1R3Gi4KF0NJSE0wb2dLRUlDQWdJQy01Nm1DendFEhNDZ3dJeU1UT213WVFvS0RGMVFFIhIJAAAAAAAAAAARwVYEVBkCvWkqE0Nnd0l5TVRPbXdZUW9LREYxUUU&wv=1&d=286732336&gsas=1","Hace un a√±o","","¬∑"
"https://www.google.com/maps/contrib/102333744954679140054/reviews?hl=es","Joaquin Rodriguez Mingorance","2¬†rese√±as2¬†fotos","¬∑","https://www.google.com/local/review/rap/report?postId=ChZDSUhNMG9nS0VJQ0FnSURlamRlVWJ3EAE&entityid=ChZDSUhNMG9nS0VJQ0FnSURlamRlVWJ3Gi0KF0NJSE0wb2dLRUlDQWdJRGVqZGVVN3dFEhJDZ3NJb3FDd21nWVEwSk8xWFEiEgkAAAAAAAAAABHBVgRUGQK9aSoSQ2dzSW9xQ3dtZ1lRMEpPMVhR&wv=1&d=286732336&gsas=1","Hace un a√±o","",""
"https://www.google.com/maps/contrib/102956898948642188853/reviews?hl=es","Alberto Garrido Rodr√≠guez","Local Guide17¬†rese√±as95¬†fotos","¬∑","https://www.google.com/local/review/rap/report?postId=ChZDSUhNMG9nS0VJQ0FnSUNlcjZuRkxnEAE&entityid=ChZDSUhNMG9nS0VJQ0FnSUNlcjZuRkxnGi4KF0NJSE0wb2dLRUlDQWdJQ2VyNm5GcmdFEhNDZ3dJeXN6TG1RWVFrTkx2bHdNIhIJAAAAAAAAAAARwVYEVBkCvWkqE0Nnd0l5c3pMbVFZUWtOTHZsd00&wv=1&d=286732336&gsas=1","Hace un a√±o","","¬∑"
"https://www.google.com/maps/contrib/109185123197520239016/reviews?hl=es","luis rodriguez","Local Guide35¬†rese√±as16¬†fotos","¬∑","https://www.google.com/local/review/rap/report?postId=ChZDSUhNMG9nS0VJQ0FnSUNlNXBEOWJ3EAE&entityid=ChZDSUhNMG9nS0VJQ0FnSUNlNXBEOWJ3Gi4KF0NJSE0wb2dLRUlDQWdJQ2U1cEQ5N3dFEhNDZ3dJdHB6X21BWVFrS3ZxblFNIhIJAAAAAAAAAAARwVYEVBkCvWkqE0Nnd0l0cHpfbUFZUWtLdnFuUU0&wv=1&d=286732336&gsas=1","Hace 2 a√±os","","¬∑"
"https://www.google.com/maps/contrib/111575259705777994796/reviews?hl=es","Aurel Prejbeanu","Local Guide24¬†rese√±as742¬†fotos","¬∑","https://www.google.com/local/review/rap/report?postId=ChdDSUhNMG9nS0VJQ0FnSUR1MjVpZ3BBRRAB&entityid=ChdDSUhNMG9nS0VJQ0FnSUR1MjVpZ3BBRRotChZDSUhNMG9nS0VJQ0FnSUR1MjVpZ1pBEhNDZ3dJaDU2M21BWVE0TGZoeWdNIhIJAAAAAAAAAAARwVYEVBkCvWkqE0Nnd0loNTYzbUFZUTRMZmh5Z00&wv=1&d=286732336&gsas=1","Hace 2 a√±os","","¬∑"
"https://www.google.com/maps/contrib/106047549221092537914/reviews?hl=es","Rolando Rivarola","Local Guide83¬†rese√±as120¬†fotos","¬∑","https://www.google.com/local/review/rap/report?postId=ChZDSUhNMG9nS0VJQ0FnSUN1MS0yUFhREAE&entityid=ChZDSUhNMG9nS0VJQ0FnSUN1MS0yUFhRGi0KF0NJSE0wb2dLRUlDQWdJQ3UxLTJQM1FFEhJDZ3NJd05URWx3WVE4S2ZpYXciEgkAAAAAAAAAABHBVgRUGQK9aSoSQ2dzSXdOVEVsd1lROEtmaWF3&wv=1&d=286732336&gsas=1","Hace 2 a√±os","","¬∑"
"https://www.google.com/maps/contrib/107362927931328758114/reviews?hl=es","Michel Tovar","Local Guide3¬†rese√±as","¬∑","https://www.google.com/local/review/rap/report?postId=ChdDSUhNMG9nS0VJQ0FnSUN1anJpQzJRRRAB&entityid=ChdDSUhNMG9nS0VJQ0FnSUN1anJpQzJRRRotChZDSUhNMG9nS0VJQ0FnSUN1anJpQ09REhNDZ3dJakltSmx3WVF1SVBGX2dJIhIJAAAAAAAAAAARwVYEVBkCvWkqE0Nnd0lqSW1KbHdZUXVJUEZfZ0k&wv=1&d=286732336&gsas=1","Hace 2 a√±os","",""
"https://www.google.com/maps/contrib/101565645372468953133/reviews?hl=es","jose francisco sevilla rigo","Local Guide680¬†rese√±as2650¬†fotos","¬∑","https://www.google.com/local/review/rap/report?postId=ChdDSUhNMG9nS0VJQ0FnSURPMnNxYnZ3RRAB&entityid=ChdDSUhNMG9nS0VJQ0FnSURPMnNxYnZ3RRotChZDSUhNMG9nS0VJQ0FnSURPMnNxYmZ3EhNDZ3dJdVA2RWxnWVFxUGlneXdJIhIJAAAAAAAAAAARwVYEVBkCvWkqE0Nnd0l1UDZFbGdZUXFQaWd5d0k&wv=1&d=286732336&gsas=1","Hace 2 a√±os","","¬∑"
"https://www.google.com/maps/contrib/117043980888331196304/reviews?hl=es","Carlos Bricio","Local Guide41¬†rese√±as22¬†fotos","¬∑","https://www.google.com/local/review/rap/report?postId=ChZDSUhNMG9nS0VJQ0FnSURPOFBHUUdBEAE&entityid=ChZDSUhNMG9nS0VJQ0FnSURPOFBHUUdBGi4KF0NJSE0wb2dLRUlDQWdJRE84UEdRbUFFEhNDZ3dJeTlMZGxRWVFnSTJjaXdJIhIJAAAAAAAAAAARwVYEVBkCvWkqE0Nnd0l5OUxkbFFZUWdJMmNpd0k&wv=1&d=286732336&gsas=1","Hace 2 a√±os","","¬∑"
"https://www.google.com/maps/contrib/112755651089789947501/reviews?hl=es","Pedro Schez","Local Guide73¬†rese√±as69¬†fotos","¬∑","https://www.google.com/local/review/rap/report?postId=ChZDSUhNMG9nS0VJQ0FnSUNPdHZXQ1ZBEAE&entityid=ChZDSUhNMG9nS0VJQ0FnSUNPdHZXQ1ZBGi4KF0NJSE0wb2dLRUlDQWdJQ090dldDMUFFEhNDZ3dJc2FlSWxRWVFrSWU1M2dJIhIJAAAAAAAAAAARwVYEVBkCvWkqE0Nnd0lzYWVJbFFZUWtJZTUzZ0k&wv=1&d=286732336&gsas=1","Hace 2 a√±os","","¬∑"
"https://www.google.com/maps/contrib/100588138176282902470/reviews?hl=es","Mayte Mart√≠n","Local Guide13¬†rese√±as4¬†fotos","¬∑","https://www.google.com/local/review/rap/report?postId=ChZDSUhNMG9nS0VJQ0FnSUNPLUt5Z2FREAE&entityid=ChZDSUhNMG9nS0VJQ0FnSUNPLUt5Z2FRGi4KF0NJSE0wb2dLRUlDQWdJQ08tS3lnNlFFEhNDZ3dJczVEZGxBWVEySkM1aEFNIhIJAAAAAAAAAAARwVYEVBkCvWkqE0Nnd0lzNURkbEFZUTJKQzVoQU0&wv=1&d=286732336&gsas=1","Hace 2 a√±os","","¬∑"
"https://www.google.com/maps/contrib/115044229208793643443/reviews?hl=es","Rayan Rayan","","","https://www.google.com/local/review/rap/report?postId=ChdDSUhNMG9nS0VJQ0FnSURXLW9mdTJnRRAB&entityid=ChdDSUhNMG9nS0VJQ0FnSURXLW9mdTJnRRotChZDSUhNMG9nS0VJQ0FnSURXLW9mdU9nEhNDZ3dJejZibWtRWVFzSW55NmdJIhIJAAAAAAAAAAARwVYEVBkCvWkqE0Nnd0l6NmJta1FZUXNJbnk2Z0k&wv=1&d=286732336&gsas=1","Hace 2 a√±os","",""
"https://www.google.com/maps/contrib/104857663040164803061/reviews?hl=es","Carlos Vegas Bermejo","Local Guide8¬†rese√±as15¬†fotos","¬∑","https://www.google.com/local/review/rap/report?postId=ChdDSUhNMG9nS0VJQ0FnSUNHNTlucmdRRRAB&entityid=ChdDSUhNMG9nS0VJQ0FnSUNHNTlucmdRRRotChZDSUhNMG9nS0VJQ0FnSUNHNTluclFREhNDZ3dJb2RXMWpBWVFxTWpZbEFJIhIJAAAAAAAAAAARwVYEVBkCvWkqE0Nnd0lvZFcxakFZUXFNallsQUk&wv=1&d=286732336&gsas=1","Hace 2 a√±os","","¬∑"
"https://www.google.com/maps/contrib/116493773867604155335/reviews?hl=es","Muhamed Khamis","Local Guide1.179¬†rese√±as5162¬†fotos","¬∑","https://www.google.com/local/review/rap/report?postId=ChZDSUhNMG9nS0VJQ0FnSUNxeXVDSUVBEAE&entityid=ChZDSUhNMG9nS0VJQ0FnSUNxeXVDSUVBGi0KF0NJSE0wb2dLRUlDQWdJQ3F5dUNJa0FFEhJDZ3NJNThIZWhRWVE4UHV5U0EiEgkAAAAAAAAAABHBVgRUGQK9aSoSQ2dzSTU4SGVoUVlROFB1eVNB&wv=1&d=286732336&gsas=1","Hace 3 a√±os","","¬∑"
"https://www.google.com/maps/contrib/111358794554440916221/reviews?hl=es","Mel G","Local Guide10¬†rese√±as1¬†foto","¬∑","https://www.google.com/local/review/rap/report?postId=ChZDSUhNMG9nS0VJQ0FnSURpd3ZXUUNBEAE&entityid=ChZDSUhNMG9nS0VJQ0FnSURpd3ZXUUNBGi0KF0NJSE0wb2dLRUlDQWdJRGl3dldRaUFFEhJDZ3NJai1hUV9nVVE4S2lXSXciEgkAAAAAAAAAABHBVgRUGQK9aSoSQ2dzSWotYVFfZ1VROEtpV0l3&wv=1&d=286732336&gsas=1","Hace 3 a√±os","","¬∑"
"https://www.google.com/maps/contrib/115644636863549624733/reviews?hl=es","LOLA BRAVO","Local Guide314¬†rese√±as33¬†fotos","¬∑","https://www.google.com/local/review/rap/report?postId=ChZDSUhNMG9nS0VJQ0FnSURDczRyUlR3EAE&entityid=ChZDSUhNMG9nS0VJQ0FnSURDczRyUlR3Gi0KF0NJSE0wb2dLRUlDQWdJRENzNHJSendFEhJDZ3NJdkxlSV9BVVFzTWJVRWciEgkAAAAAAAAAABHBVgRUGQK9aSoSQ2dzSXZMZUlfQVVRc01iVUVn&wv=1&d=286732336&gsas=1","Hace 3 a√±os","","¬∑"
"https://www.google.com/maps/contrib/106543076152412231583/reviews?hl=es","Ricardo Caulin","Local Guide101¬†rese√±as980¬†fotos","¬∑","https://www.google.com/local/review/rap/report?postId=ChZDSUhNMG9nS0VJQ0FnSUNDNjluTENREAE&entityid=ChZDSUhNMG9nS0VJQ0FnSUNDNjluTENRGi4KF0NJSE0wb2dLRUlDQWdJQ0M2OW5MaVFFEhNDZ3dJeGNySC1nVVFrTFNYamdNIhIJAAAAAAAAAAARwVYEVBkCvWkqE0Nnd0l4Y3JILWdVUWtMU1hqZ00&wv=1&d=286732336&gsas=1","Hace 4 a√±os","","¬∑"
"https://www.google.com/maps/contrib/112715283745146034094/reviews?hl=es","–ö–æ—Ü—é–±–∞ –Æ—Ä–∏–π","Local Guide74¬†rese√±as71¬†fotos","¬∑","https://www.google.com/local/review/rap/report?postId=ChZDSUhNMG9nS0VJQ0FnSUM4MzZIV1pREAE&entityid=ChZDSUhNMG9nS0VJQ0FnSUM4MzZIV1pRGi0KF0NJSE0wb2dLRUlDQWdJQzgzNkhXNVFFEhJDZ3NJbEtmQy1BVVE2THlxZHciEgkAAAAAAAAAABHBVgRUGQK9aSoSQ2dzSWxLZkMtQVVRNkx5cWR3&wv=1&d=286732336&gsas=1","Hace 4 a√±os","","¬∑"
"https://www.google.com/maps/contrib/101984157524480409333/reviews?hl=es","Gemma Rojo Becerra","Local Guide15¬†rese√±as5¬†fotos","¬∑","https://www.google.com/local/review/rap/report?postId=ChdDSUhNMG9nS0VJQ0FnSURjdDVHZGhBRRAB&entityid=ChdDSUhNMG9nS0VJQ0FnSURjdDVHZGhBRRotChZDSUhNMG9nS0VJQ0FnSURjdDVHZFJBEhNDZ3dJdzg2MDl3VVFpUG1pcXdJIhIJAAAAAAAAAAARwVYEVBkCvWkqE0Nnd0l3ODYwOXdVUWlQbWlxd0k&wv=1&d=286732336&gsas=1","Hace 4 a√±os","","¬∑"
"https://www.google.com/maps/contrib/110747878050688647993/reviews?hl=es","Hern√°n Garc√≠a","Local Guide164¬†rese√±as1644¬†fotos","¬∑","https://www.google.com/local/review/rap/report?postId=ChZDSUhNMG9nS0VJQ0FnSURzbk9Db0xREAE&entityid=ChZDSUhNMG9nS0VJQ0FnSURzbk9Db0xRGi4KF0NJSE0wb2dLRUlDQWdJRHNuT0NvclFFEhNDZ3dJLUlQWjhnVVFpSjJZX2dJIhIJAAAAAAAAAAARwVYEVBkCvWkqE0Nnd0ktSVBaOGdVUWlKMllfZ0k&wv=1&d=286732336&gsas=1","Hace 4 a√±os","","¬∑"
"https://www.google.com/maps/contrib/103657488672931045856/reviews?hl=es","Grzegorz Chlubek","Local Guide196¬†rese√±as277¬†fotos","¬∑","https://www.google.com/local/review/rap/report?postId=ChdDSUhNMG9nS0VJQ0FnSUNNeDRuN3dRRRAB&entityid=ChdDSUhNMG9nS0VJQ0FnSUNNeDRuN3dRRRouChdDSUhNMG9nS0VJQ0FnSUNNeDRuN29RRRITQ2d3SWlwdXo3d1VRcU9QMXNRSSISCQAAAAAAAAAAEcFWBFQZAr1pKhNDZ3dJaXB1ejd3VVFxT1Axc1FJ&wv=1&d=286732336&gsas=1","Hace 4 a√±os","","¬∑"
"https://www.google.com/maps/contrib/105578516224140556961/reviews?hl=es","Martin Matthews","Local Guide65¬†rese√±as124¬†fotos","¬∑","https://www.google.com/local/review/rap/report?postId=ChdDSUhNMG9nS0VJQ0FnSUNNcFl2cnJRRRAB&entityid=ChdDSUhNMG9nS0VJQ0FnSUNNcFl2cnJRRRosChZDSUhNMG9nS0VJQ0FnSUNNcFl2cmJREhJDZ3NJcXR6OTdnVVFpSUtkTWciEgkAAAAAAAAAABHBVgRUGQK9aSoSQ2dzSXF0ejk3Z1VRaUlLZE1n&wv=1&d=286732336&gsas=1","Hace 4 a√±os","","¬∑"
"https://www.google.com/maps/contrib/117557207144217405823/reviews?hl=es","Manuel Falcon","1¬†rese√±a","","https://www.google.com/local/review/rap/report?postId=ChZDSUhNMG9nS0VJQ0FnSURrNjZ1Q0pBEAE&entityid=ChZDSUhNMG9nS0VJQ0FnSURrNjZ1Q0pBGi4KF0NJSE0wb2dLRUlDQWdJRGs2NnVDcEFFEhNDZ3dJbnRTTjZRVVEySy1QMXdJIhIJAAAAAAAAAAARwVYEVBkCvWkqE0Nnd0ludFNONlFVUTJLLVAxd0k&wv=1&d=286732336&gsas=1","Hace 5 a√±os","",""
"https://www.google.com/maps/contrib/109358979586478810738/reviews?hl=es","Jose Hernsal","5¬†rese√±as","","https://www.google.com/local/review/rap/report?postId=ChdDSUhNMG9nS0VJQ0FnSUNFODhxSTlnRRAB&entityid=ChdDSUhNMG9nS0VJQ0FnSUNFODhxSTlnRRotChZDSUhNMG9nS0VJQ0FnSUNFODhxSURnEhNDZ3dJbmRDZDZBVVFpTVNHMWdJIhIJAAAAAAAAAAARwVYEVBkCvWkqE0Nnd0luZENkNkFVUWlNU0cxZ0k&wv=1&d=286732336&gsas=1","Hace 5 a√±os","",""
"https://www.google.com/maps/contrib/104008888807956767763/reviews?hl=es","Naresarie Courage (Nare)","Local Guide39¬†rese√±as26¬†fotos","¬∑","https://www.google.com/local/review/rap/report?postId=ChZDSUhNMG9nS0VJQ0FnSURRNzZfV1F3EAE&entityid=ChZDSUhNMG9nS0VJQ0FnSURRNzZfV1F3Gi4KF0NJSE0wb2dLRUlDQWdJRFE3Nl9Xd3dFEhNDZ3dJa3BDQzF3VVF3TG45d3dFIhIJAAAAAAAAAAARwVYEVBkCvWkqE0Nnd0lrcENDMXdVUXdMbjl3d0U&wv=1&d=286732336&gsas=1","Hace 6 a√±os","","¬∑"
"https://www.google.com/maps/contrib/103833631844678892934/reviews?hl=es","Sergio S√°nchez Caballero","Local Guide65¬†rese√±as93¬†fotos","¬∑","https://www.google.com/local/review/rap/report?postId=ChdDSUhNMG9nS0VJQ0FnSURBbnZ1Ni1nRRAB&entityid=ChdDSUhNMG9nS0VJQ0FnSURBbnZ1Ni1nRRotChZDSUhNMG9nS0VJQ0FnSURBbnZ1NkJnEhNDZ3dJcHBHRzFRVVFnT0g5aXdJIhIJAAAAAAAAAAARwVYEVBkCvWkqE0Nnd0lwcEdHMVFVUWdPSDlpd0k&wv=1&d=286732336&gsas=1","Hace 6 a√±os","","¬∑"
"https://www.google.com/maps/contrib/109867332822604912996/reviews?hl=es","Eva Ramos Martinez","6¬†rese√±as9¬†fotos","¬∑","https://www.google.com/local/review/rap/report?postId=ChdDSUhNMG9nS0VJQ0FnSURRNEszb3hBRRAB&entityid=ChdDSUhNMG9nS0VJQ0FnSURRNEszb3hBRRotChZDSUhNMG9nS0VJQ0FnSURRNEszb0pBEhNDZ3dJNTRmeDBnVVF3S3pkM1FFIhIJAAAAAAAAAAARwVYEVBkCvWkqE0Nnd0k1NGZ4MGdVUXdLemQzUUU&wv=1&d=286732336&gsas=1","Hace 6 a√±os","",""
"https://www.google.com/maps/contrib/118147331675595559495/reviews?hl=es","A.L. Puche","Local Guide5¬†rese√±as46¬†fotos","¬∑","https://www.google.com/local/review/rap/report?postId=ChZDSUhNMG9nS0VJQ0FnSUN3eXR2bEpBEAE&entityid=ChZDSUhNMG9nS0VJQ0FnSUN3eXR2bEpBGi4KF0NJSE0wb2dLRUlDQWdJQ3d5dHZscEFFEhNDZ3dJNXIyZzBnVVF3TnpBaXdJIhIJAAAAAAAAAAARwVYEVBkCvWkqE0Nnd0k1cjJnMGdVUXdOekFpd0k&wv=1&d=286732336&gsas=1","Hace 6 a√±os","","¬∑"
"https://www.google.com/maps/contrib/113691834577086260281/reviews?hl=es","Juan Fern√°ndez Gonz√°lez","Local Guide481¬†rese√±as615¬†fotos","¬∑","https://www.google.com/local/review/rap/report?postId=ChdDSUhNMG9nS0VJQ0FnSURBM2NiMjh3RRAB&entityid=ChdDSUhNMG9nS0VJQ0FnSURBM2NiMjh3RRotChZDSUhNMG9nS0VJQ0FnSURBM2NiMkN3EhNDZ3dJX3ZhNTBBVVF3UHFtdlFFIhIJAAAAAAAAAAARwVYEVBkCvWkqE0Nnd0lfdmE1MEFVUXdQcW12UUU&wv=1&d=286732336&gsas=1","Hace 6 a√±os","","¬∑"
"https://www.google.com/maps/contrib/109644378290839882955/reviews?hl=es","Leonardo Duplat","1¬†rese√±a","","https://www.google.com/local/review/rap/report?postId=ChZDSUhNMG9nS0VJQ0FnSUNnMi1lTEhREAE&entityid=ChZDSUhNMG9nS0VJQ0FnSUNnMi1lTEhRGi4KF0NJSE0wb2dLRUlDQWdJQ2cyLWVMblFFEhNDZ3dJb2VDSnp3VVFnSkhZdndFIhIJAAAAAAAAAAARwVYEVBkCvWkqE0Nnd0lvZUNKendVUWdKSFl2d0U&wv=1&d=286732336&gsas=1","Hace 6 a√±os","",""
"https://www.google.com/maps/contrib/109443726946447399328/reviews?hl=es","Camila Rodriguez","6¬†rese√±as1¬†foto","¬∑","https://www.google.com/local/review/rap/report?postId=ChZDSUhNMG9nS0VJQ0FnSURReHJHYVNnEAE&entityid=ChZDSUhNMG9nS0VJQ0FnSURReHJHYVNnGiwKFkNJSE0wb2dLRUlDQWdJRFF4ckdhS2cSEkNnc0lqWml0ekFVUWdJWFVHdyISCQAAAAAAAAAAEcFWBFQZAr1pKhJDZ3NJalppdHpBVVFnSVhVR3c&wv=1&d=286732336&gsas=1","Hace 7 a√±os","",""
"https://www.google.com/maps/contrib/110781376734425533275/reviews?hl=es","Ismain27 Osorio Osorio","","","https://www.google.com/local/review/rap/report?postId=ChdDSUhNMG9nS0VJQ0FnSURRNl9IaHFnRRAB&entityid=ChdDSUhNMG9nS0VJQ0FnSURRNl9IaHFnRRotChZDSUhNMG9nS0VJQ0FnSURRNl9IaGFnEhNDZ3dJejl2ZXl3VVF3TGV6eXdJIhIJAAAAAAAAAAARwVYEVBkCvWkqE0Nnd0l6OXZleXdVUXdMZXp5d0k&wv=1&d=286732336&gsas=1","Hace 7 a√±os","",""
"https://www.google.com/maps/contrib/114928330862187532117/reviews?hl=es","Miguel Fern√°ndez-Caballero","1¬†rese√±a","","https://www.google.com/local/review/rap/report?postId=ChZDSUhNMG9nS0VJQ0FnSUNBd3ZMSkFREAE&entityid=ChZDSUhNMG9nS0VJQ0FnSUNBd3ZMSkFRGi4KF0NJSE0wb2dLRUlDQWdJQ0F3cXFpaXdFEhNDZ3dJb1ozWHl3VVFnUDdILXdJIhIJAAAAAAAAAAARwVYEVBkCvWkqE0Nnd0lvWjNYeXdVUWdQN0gtd0k&wv=1&d=286732336&gsas=1","Hace 7 a√±os","",""
"https://www.google.com/maps/contrib/117642102659664617666/reviews?hl=es","Tony Gil","Local Guide339¬†rese√±as2337¬†fotos","¬∑","https://www.google.com/local/review/rap/report?postId=ChZDSUhNMG9nS0VJQ0FnSUN3aWZUV1VREAE&entityid=ChZDSUhNMG9nS0VJQ0FnSUN3aWZUV1VRGi4KF0NJSE0wb2dLRUlDQWdJQ3dpZlRXMFFFEhNDZ3dJN2RHM3l3VVFnTi1xbVFJIhIJAAAAAAAAAAARwVYEVBkCvWkqE0Nnd0k3ZEczeXdVUWdOLXFtUUk&wv=1&d=286732336&gsas=1","Hace 7 a√±os","","¬∑"
"https://www.google.com/maps/contrib/111024125521607314982/reviews?hl=es","Dany Alvarado","5¬†rese√±as1¬†foto","¬∑","https://www.google.com/local/review/rap/report?postId=ChdDSUhNMG9nS0VJQ0FnSUNBdnA2WG13RRAB&entityid=ChdDSUhNMG9nS0VJQ0FnSUNBdnA2WG13RRosChZDSUhNMG9nS0VJQ0FnSUNBdnA2WFd3EhJDZ3NJdUszQnlBVVFnTFczU1EiEgkAAAAAAAAAABHBVgRUGQK9aSoSQ2dzSXVLM0J5QVVRZ0xXM1NR&wv=1&d=286732336&gsas=1","Hace 7 a√±os","",""
"https://www.google.com/maps/contrib/100945347865802990167/reviews?hl=es","Gerard Casta√±o Pola","","","https://www.google.com/local/review/rap/report?postId=ChdDSUhNMG9nS0VJQ0FnSURnemV1WjdnRRAB&entityid=ChdDSUhNMG9nS0VJQ0FnSURnemV1WjdnRRosChZDSUhNMG9nS0VJQ0FnSURnemV1WkhnEhJDZ3NJaEt2MXd3VVFnTXFzZEEiEgkAAAAAAAAAABHBVgRUGQK9aSoSQ2dzSWhLdjF3d1VRZ01xc2RB&wv=1&d=286732336&gsas=1","Hace 7 a√±os","",""
"https://www.google.com/maps/contrib/102142661173257198987/reviews?hl=es","wascar herrera","1¬†rese√±a","","https://www.google.com/local/review/rap/report?postId=ChdDSUhNMG9nS0VJQ0FnSUNnblpDMHZBRRAB&entityid=ChdDSUhNMG9nS0VJQ0FnSUNnblpDMHZBRRouChdDSUhNMG9nS0VJQ0FnSUNnblpDMF9BRRITQ2d3SWpabVB3QVVRd0lqMTJRRSISCQAAAAAAAAAAEcFWBFQZAr1pKhNDZ3dJalptUHdBVVF3SWoxMlFF&wv=1&d=286732336&gsas=1","Hace 7 a√±os","",""
"https://www.google.com/maps/contrib/112797981066970424579/reviews?hl=es","Vanessa Arroyo Avila","","","https://www.google.com/local/review/rap/report?postId=ChZDSUhNMG9nS0VJQ0FnSURnd3FXTE5REAE&entityid=ChZDSUhNMG9nS0VJQ0FnSURnd3FXTE5RGi4KF0NJSE0wb2dLRUlDQWdJRGd3cVdMdFFFEhNDZ3dJX2FyNnZ3VVF3SU9xdUFJIhIJAAAAAAAAAAARwVYEVBkCvWkqE0Nnd0lfYXI2dndVUXdJT3F1QUk&wv=1&d=286732336&gsas=1","Hace 7 a√±os","",""
"https://www.google.com/maps/contrib/106928928913275845860/reviews?hl=es","Vanesa Moreno","Local Guide103¬†rese√±as59¬†fotos","¬∑","https://www.google.com/local/review/rap/report?postId=ChdDSUhNMG9nS0VJQ0FnSURna05pLXlBRRAB&entityid=ChdDSUhNMG9nS0VJQ0FnSURna05pLXlBRRosChZDSUhNMG9nS0VJQ0FnSURna05pLUtBEhJDZ3NJXzdYeXZ3VVF3TlRpVEEiEgkAAAAAAAAAABHBVgRUGQK9aSoSQ2dzSV83WHl2d1VRd05UaVRB&wv=1&d=286732336&gsas=1","Hace 7 a√±os","","¬∑"
"https://www.google.com/maps/contrib/105105937169404940684/reviews?hl=es","Cesar S√°nchez","5¬†rese√±as","","https://www.google.com/local/review/rap/report?postId=ChdDSUhNMG9nS0VJQ0FnSUNROHNfR3VnRRAB&entityid=ChdDSUhNMG9nS0VJQ0FnSUNROHNfR3VnRRotChZDSUhNMG9nS0VJQ0FnSUNROHNfR2VnEhNDZ3dJZ01xQ3ZRVVF3TE9FN0FFIhIJAAAAAAAAAAARwVYEVBkCvWkqE0Nnd0lnTXFDdlFVUXdMT0U3QUU&wv=1&d=286732336&gsas=1","Hace 8 a√±os","",""
"https://www.google.com/maps/contrib/101601501508793172379/reviews?hl=es","Sergio Galan Camacho","Local Guide36¬†rese√±as16¬†fotos","¬∑","https://www.google.com/local/review/rap/report?postId=ChZDSUhNMG9nS0VJQ0FnSURBeWRuTEJ3EAE&entityid=ChZDSUhNMG9nS0VJQ0FnSURBeWRuTEJ3Gi0KF0NJSE0wb2dLRUlDQWdJREF5ZG5MaHdFEhJDZ3NJai1lc3NnVVF3SXFfVWciEgkAAAAAAAAAABHBVgRUGQK9aSoSQ2dzSWotZXNzZ1VRd0lxX1Vn&wv=1&d=286732336&gsas=1","Hace 8 a√±os","","¬∑"
"https://www.google.com/maps/contrib/100735573432926661536/reviews?hl=es","Albert Isern Alvarez","Local Guide119¬†rese√±as2152¬†fotos","¬∑","https://www.google.com/local/review/rap/report?postId=ChZDSUhNMG9nS0VJQ0FnSUN3cDc3cUFREAE&entityid=ChZDSUhNMG9nS0VJQ0FnSUN3cDc3cUFRGi0KF0NJSE0wb2dLRUlDQWdJQ3dwNzdxZ1FFEhJDZ3NJbGVpU3NnVVF3Si1yQXciEgkAAAAAAAAAABHBVgRUGQK9aSoSQ2dzSWxlaVNzZ1VRd0otckF3&wv=1&d=286732336&gsas=1","Hace 8 a√±os","","¬∑"